-- phpMyAdmin SQL Dump
-- version 4.7.4
-- https://www.phpmyadmin.net/
--
-- Host: 127.0.0.1
-- Generation Time: Feb 06, 2026 at 09:12 AM
-- Server version: 10.1.29-MariaDB
-- PHP Version: 7.2.0

SET SQL_MODE = "NO_AUTO_VALUE_ON_ZERO";
SET AUTOCOMMIT = 0;
START TRANSACTION;
SET time_zone = "+00:00";


/*!40101 SET @OLD_CHARACTER_SET_CLIENT=@@CHARACTER_SET_CLIENT */;
/*!40101 SET @OLD_CHARACTER_SET_RESULTS=@@CHARACTER_SET_RESULTS */;
/*!40101 SET @OLD_COLLATION_CONNECTION=@@COLLATION_CONNECTION */;
/*!40101 SET NAMES utf8mb4 */;

--
-- Database: `mental_health_dw`
--

-- --------------------------------------------------------

--
-- Table structure for table `dim_condition`
--

CREATE TABLE `dim_condition` (
  `Condition_ID` int(11) NOT NULL,
  `Condition_Name` varchar(50) DEFAULT NULL
) ENGINE=InnoDB DEFAULT CHARSET=latin1;

--
-- Dumping data for table `dim_condition`
--

INSERT INTO `dim_condition` (`Condition_ID`, `Condition_Name`) VALUES
(2, 'Anxiety Disorder'),
(1, 'Bipolar Disorder'),
(4, 'Depression'),
(6, 'PTSD'),
(5, 'Schizophrenia'),
(3, 'Substance Abuse');

-- --------------------------------------------------------

--
-- Table structure for table `dim_district`
--

CREATE TABLE `dim_district` (
  `District_ID` int(11) NOT NULL,
  `District_Name` varchar(50) DEFAULT NULL,
  `Province` varchar(50) DEFAULT NULL
) ENGINE=InnoDB DEFAULT CHARSET=latin1;

--
-- Dumping data for table `dim_district`
--

INSERT INTO `dim_district` (`District_ID`, `District_Name`, `Province`) VALUES
(1, 'Karongi', 'Western'),
(2, 'Rwamagana', 'Eastern'),
(3, 'Gicumbi', 'Northern'),
(4, 'Huye', 'Southern'),
(5, 'Muhanga', 'Southern'),
(6, 'Kigali City', 'Kigali'),
(7, 'Rubavu', 'Western'),
(8, 'Rusizi', 'Western'),
(9, 'Musanze', 'Northern'),
(10, 'Nyagatare', 'Eastern');

-- --------------------------------------------------------

--
-- Table structure for table `dim_patient`
--

CREATE TABLE `dim_patient` (
  `Patient_ID` varchar(10) NOT NULL,
  `Gender` varchar(10) DEFAULT NULL,
  `Age` int(11) DEFAULT NULL,
  `Age_Group` varchar(20) DEFAULT NULL
) ENGINE=InnoDB DEFAULT CHARSET=latin1;

--
-- Dumping data for table `dim_patient`
--

INSERT INTO `dim_patient` (`Patient_ID`, `Gender`, `Age`, `Age_Group`) VALUES
('PAT00001', 'Male', 22, 'Youth'),
('PAT00002', 'Female', 15, 'Youth'),
('PAT00003', 'Male', 61, 'Elderly'),
('PAT00004', 'Female', 69, 'Elderly'),
('PAT00005', 'Male', 51, 'Adult'),
('PAT00006', 'Female', 28, 'Adult'),
('PAT00007', 'Male', 73, 'Elderly'),
('PAT00008', 'Male', 29, 'Adult'),
('PAT00009', 'Male', 17, 'Youth'),
('PAT00010', 'Male', 67, 'Elderly'),
('PAT00011', 'Female', 27, 'Adult'),
('PAT00012', 'Male', 26, 'Adult'),
('PAT00013', 'Male', 16, 'Youth'),
('PAT00014', 'Male', 69, 'Elderly'),
('PAT00015', 'Female', 31, 'Adult'),
('PAT00016', 'Female', 75, 'Elderly'),
('PAT00017', 'Male', 46, 'Adult'),
('PAT00018', 'Female', 80, 'Elderly'),
('PAT00019', 'Male', 60, 'Elderly'),
('PAT00020', 'Male', 28, 'Adult'),
('PAT00021', 'Female', 42, 'Adult'),
('PAT00022', 'Male', 70, 'Elderly'),
('PAT00023', 'Male', 30, 'Adult'),
('PAT00024', 'Male', 66, 'Elderly'),
('PAT00025', 'Male', 27, 'Adult'),
('PAT00026', 'Male', 46, 'Adult'),
('PAT00027', 'Male', 77, 'Elderly'),
('PAT00028', 'Female', 15, 'Youth'),
('PAT00029', 'Female', 29, 'Adult'),
('PAT00030', 'Female', 49, 'Adult'),
('PAT00031', 'Female', 72, 'Elderly'),
('PAT00032', 'Female', 48, 'Adult'),
('PAT00033', 'Male', 49, 'Adult'),
('PAT00034', 'Female', 28, 'Adult'),
('PAT00035', 'Female', 40, 'Adult'),
('PAT00036', 'Female', 33, 'Adult'),
('PAT00037', 'Male', 47, 'Adult'),
('PAT00038', 'Female', 29, 'Adult'),
('PAT00039', 'Male', 36, 'Adult'),
('PAT00040', 'Female', 17, 'Youth'),
('PAT00041', 'Male', 35, 'Adult'),
('PAT00042', 'Male', 15, 'Youth'),
('PAT00043', 'Male', 57, 'Adult'),
('PAT00044', 'Female', 63, 'Elderly'),
('PAT00045', 'Female', 15, 'Youth'),
('PAT00046', 'Female', 52, 'Adult'),
('PAT00047', 'Male', 30, 'Adult'),
('PAT00048', 'Male', 67, 'Elderly'),
('PAT00049', 'Female', 51, 'Adult'),
('PAT00050', 'Female', 32, 'Adult'),
('PAT00051', 'Female', 65, 'Elderly'),
('PAT00052', 'Female', 56, 'Adult'),
('PAT00053', 'Female', 75, 'Elderly'),
('PAT00054', 'Male', 55, 'Adult'),
('PAT00055', 'Female', 26, 'Adult'),
('PAT00056', 'Male', 31, 'Adult'),
('PAT00057', 'Female', 32, 'Adult'),
('PAT00058', 'Female', 54, 'Adult'),
('PAT00059', 'Female', 30, 'Adult'),
('PAT00060', 'Male', 79, 'Elderly'),
('PAT00061', 'Male', 76, 'Elderly'),
('PAT00062', 'Male', 67, 'Elderly'),
('PAT00063', 'Male', 17, 'Youth'),
('PAT00064', 'Male', 69, 'Elderly'),
('PAT00065', 'Female', 48, 'Adult'),
('PAT00066', 'Male', 40, 'Adult'),
('PAT00067', 'Female', 34, 'Adult'),
('PAT00068', 'Female', 79, 'Elderly'),
('PAT00069', 'Female', 51, 'Adult'),
('PAT00070', 'Female', 35, 'Adult'),
('PAT00071', 'Female', 45, 'Adult'),
('PAT00072', 'Male', 26, 'Adult'),
('PAT00073', 'Male', 59, 'Adult'),
('PAT00074', 'Male', 64, 'Elderly'),
('PAT00075', 'Female', 61, 'Elderly'),
('PAT00076', 'Male', 71, 'Elderly'),
('PAT00077', 'Female', 28, 'Adult'),
('PAT00078', 'Male', 44, 'Adult'),
('PAT00079', 'Female', 62, 'Elderly'),
('PAT00080', 'Female', 47, 'Adult'),
('PAT00081', 'Male', 18, 'Youth'),
('PAT00082', 'Male', 74, 'Elderly'),
('PAT00083', 'Female', 75, 'Elderly'),
('PAT00084', 'Female', 23, 'Youth'),
('PAT00085', 'Female', 44, 'Adult'),
('PAT00086', 'Female', 20, 'Youth'),
('PAT00087', 'Female', 49, 'Adult'),
('PAT00088', 'Female', 80, 'Elderly'),
('PAT00089', 'Female', 17, 'Youth'),
('PAT00090', 'Female', 70, 'Elderly'),
('PAT00091', 'Male', 21, 'Youth'),
('PAT00092', 'Male', 64, 'Elderly'),
('PAT00093', 'Female', 43, 'Adult'),
('PAT00094', 'Female', 38, 'Adult'),
('PAT00095', 'Female', 72, 'Elderly'),
('PAT00096', 'Male', 80, 'Elderly'),
('PAT00097', 'Male', 59, 'Adult'),
('PAT00098', 'Male', 21, 'Youth'),
('PAT00099', 'Male', 25, 'Adult'),
('PAT00100', 'Female', 40, 'Adult'),
('PAT00101', 'Female', 32, 'Adult'),
('PAT00102', 'Female', 37, 'Adult'),
('PAT00103', 'Male', 56, 'Adult'),
('PAT00104', 'Female', 79, 'Elderly'),
('PAT00105', 'Male', 72, 'Elderly'),
('PAT00106', 'Female', 69, 'Elderly'),
('PAT00107', 'Female', 17, 'Youth'),
('PAT00108', 'Female', 46, 'Adult'),
('PAT00109', 'Female', 66, 'Elderly'),
('PAT00110', 'Male', 79, 'Elderly'),
('PAT00111', 'Male', 64, 'Elderly'),
('PAT00112', 'Female', 30, 'Adult'),
('PAT00113', 'Female', 77, 'Elderly'),
('PAT00114', 'Male', 51, 'Adult'),
('PAT00115', 'Female', 25, 'Adult'),
('PAT00116', 'Female', 56, 'Adult'),
('PAT00117', 'Female', 53, 'Adult'),
('PAT00118', 'Male', 76, 'Elderly'),
('PAT00119', 'Male', 18, 'Youth'),
('PAT00120', 'Male', 34, 'Adult'),
('PAT00121', 'Male', 27, 'Adult'),
('PAT00122', 'Female', 16, 'Youth'),
('PAT00123', 'Male', 56, 'Adult'),
('PAT00124', 'Female', 23, 'Youth'),
('PAT00125', 'Female', 64, 'Elderly'),
('PAT00126', 'Male', 18, 'Youth'),
('PAT00127', 'Female', 65, 'Elderly'),
('PAT00128', 'Female', 63, 'Elderly'),
('PAT00129', 'Male', 24, 'Youth'),
('PAT00130', 'Male', 45, 'Adult'),
('PAT00131', 'Male', 41, 'Adult'),
('PAT00132', 'Male', 63, 'Elderly'),
('PAT00133', 'Female', 32, 'Adult'),
('PAT00134', 'Male', 42, 'Adult'),
('PAT00135', 'Female', 38, 'Adult'),
('PAT00136', 'Male', 48, 'Adult'),
('PAT00137', 'Male', 27, 'Adult'),
('PAT00138', 'Female', 35, 'Adult'),
('PAT00139', 'Male', 71, 'Elderly'),
('PAT00140', 'Female', 19, 'Youth'),
('PAT00141', 'Male', 15, 'Youth'),
('PAT00142', 'Female', 77, 'Elderly'),
('PAT00143', 'Female', 45, 'Adult'),
('PAT00144', 'Female', 30, 'Adult'),
('PAT00145', 'Male', 26, 'Adult'),
('PAT00146', 'Female', 32, 'Adult'),
('PAT00147', 'Male', 31, 'Adult'),
('PAT00148', 'Male', 79, 'Elderly'),
('PAT00149', 'Male', 71, 'Elderly'),
('PAT00150', 'Female', 79, 'Elderly'),
('PAT00151', 'Male', 62, 'Elderly'),
('PAT00152', 'Female', 59, 'Adult'),
('PAT00153', 'Female', 61, 'Elderly'),
('PAT00154', 'Male', 60, 'Elderly'),
('PAT00155', 'Female', 40, 'Adult'),
('PAT00156', 'Female', 30, 'Adult'),
('PAT00157', 'Female', 47, 'Adult'),
('PAT00158', 'Female', 62, 'Elderly'),
('PAT00159', 'Male', 70, 'Elderly'),
('PAT00160', 'Female', 59, 'Adult'),
('PAT00161', 'Female', 19, 'Youth'),
('PAT00162', 'Male', 51, 'Adult'),
('PAT00163', 'Female', 31, 'Adult'),
('PAT00164', 'Male', 28, 'Adult'),
('PAT00165', 'Male', 49, 'Adult'),
('PAT00166', 'Female', 54, 'Adult'),
('PAT00167', 'Female', 68, 'Elderly'),
('PAT00168', 'Male', 31, 'Adult'),
('PAT00169', 'Female', 38, 'Adult'),
('PAT00170', 'Male', 15, 'Youth'),
('PAT00171', 'Female', 75, 'Elderly'),
('PAT00172', 'Female', 53, 'Adult'),
('PAT00173', 'Male', 54, 'Adult'),
('PAT00174', 'Male', 40, 'Adult'),
('PAT00175', 'Male', 57, 'Adult'),
('PAT00176', 'Male', 68, 'Elderly'),
('PAT00177', 'Male', 76, 'Elderly'),
('PAT00178', 'Male', 63, 'Elderly'),
('PAT00179', 'Female', 18, 'Youth'),
('PAT00180', 'Male', 52, 'Adult'),
('PAT00181', 'Female', 50, 'Adult'),
('PAT00182', 'Female', 58, 'Adult'),
('PAT00183', 'Female', 76, 'Elderly'),
('PAT00184', 'Female', 66, 'Elderly'),
('PAT00185', 'Male', 78, 'Elderly'),
('PAT00186', 'Male', 24, 'Youth'),
('PAT00187', 'Male', 71, 'Elderly'),
('PAT00188', 'Female', 63, 'Elderly'),
('PAT00189', 'Male', 60, 'Elderly'),
('PAT00190', 'Female', 37, 'Adult'),
('PAT00191', 'Female', 78, 'Elderly'),
('PAT00192', 'Female', 35, 'Adult'),
('PAT00193', 'Female', 27, 'Adult'),
('PAT00194', 'Female', 22, 'Youth'),
('PAT00195', 'Female', 76, 'Elderly'),
('PAT00196', 'Male', 57, 'Adult'),
('PAT00197', 'Male', 28, 'Adult'),
('PAT00198', 'Male', 65, 'Elderly'),
('PAT00199', 'Female', 54, 'Adult'),
('PAT00200', 'Female', 45, 'Adult'),
('PAT00201', 'Male', 58, 'Adult'),
('PAT00202', 'Male', 74, 'Elderly'),
('PAT00203', 'Male', 28, 'Adult'),
('PAT00204', 'Male', 29, 'Adult'),
('PAT00205', 'Female', 40, 'Adult'),
('PAT00206', 'Male', 57, 'Adult'),
('PAT00207', 'Female', 47, 'Adult'),
('PAT00208', 'Male', 28, 'Adult'),
('PAT00209', 'Male', 55, 'Adult'),
('PAT00210', 'Male', 24, 'Youth'),
('PAT00211', 'Female', 53, 'Adult'),
('PAT00212', 'Female', 42, 'Adult'),
('PAT00213', 'Male', 68, 'Elderly'),
('PAT00214', 'Female', 32, 'Adult'),
('PAT00215', 'Male', 20, 'Youth'),
('PAT00216', 'Female', 46, 'Adult'),
('PAT00217', 'Female', 16, 'Youth'),
('PAT00218', 'Female', 30, 'Adult'),
('PAT00219', 'Female', 27, 'Adult'),
('PAT00220', 'Female', 42, 'Adult'),
('PAT00221', 'Male', 74, 'Elderly'),
('PAT00222', 'Male', 47, 'Adult'),
('PAT00223', 'Male', 70, 'Elderly'),
('PAT00224', 'Female', 57, 'Adult'),
('PAT00225', 'Male', 32, 'Adult'),
('PAT00226', 'Female', 37, 'Adult'),
('PAT00227', 'Male', 53, 'Adult'),
('PAT00228', 'Male', 76, 'Elderly'),
('PAT00229', 'Female', 38, 'Adult'),
('PAT00230', 'Female', 59, 'Adult'),
('PAT00231', 'Female', 51, 'Adult'),
('PAT00232', 'Female', 17, 'Youth'),
('PAT00233', 'Female', 58, 'Adult'),
('PAT00234', 'Male', 34, 'Adult'),
('PAT00235', 'Female', 48, 'Adult'),
('PAT00236', 'Male', 47, 'Adult'),
('PAT00237', 'Female', 61, 'Elderly'),
('PAT00238', 'Female', 16, 'Youth'),
('PAT00239', 'Male', 76, 'Elderly'),
('PAT00240', 'Female', 66, 'Elderly'),
('PAT00241', 'Male', 50, 'Adult'),
('PAT00242', 'Female', 17, 'Youth'),
('PAT00243', 'Male', 39, 'Adult'),
('PAT00244', 'Male', 36, 'Adult'),
('PAT00245', 'Female', 43, 'Adult'),
('PAT00246', 'Female', 24, 'Youth'),
('PAT00247', 'Female', 63, 'Elderly'),
('PAT00248', 'Male', 32, 'Adult'),
('PAT00249', 'Female', 34, 'Adult'),
('PAT00250', 'Female', 75, 'Elderly'),
('PAT00251', 'Male', 33, 'Adult'),
('PAT00252', 'Female', 56, 'Adult'),
('PAT00253', 'Female', 57, 'Adult'),
('PAT00254', 'Female', 72, 'Elderly'),
('PAT00255', 'Male', 62, 'Elderly'),
('PAT00256', 'Female', 58, 'Adult'),
('PAT00257', 'Male', 23, 'Youth'),
('PAT00258', 'Male', 78, 'Elderly'),
('PAT00259', 'Male', 60, 'Elderly'),
('PAT00260', 'Male', 77, 'Elderly'),
('PAT00261', 'Female', 74, 'Elderly'),
('PAT00262', 'Male', 64, 'Elderly'),
('PAT00263', 'Male', 37, 'Adult'),
('PAT00264', 'Male', 34, 'Adult'),
('PAT00265', 'Male', 52, 'Adult'),
('PAT00266', 'Female', 49, 'Adult'),
('PAT00267', 'Female', 32, 'Adult'),
('PAT00268', 'Female', 22, 'Youth'),
('PAT00269', 'Female', 33, 'Adult'),
('PAT00270', 'Female', 67, 'Elderly'),
('PAT00271', 'Female', 16, 'Youth'),
('PAT00272', 'Female', 38, 'Adult'),
('PAT00273', 'Female', 60, 'Elderly'),
('PAT00274', 'Male', 51, 'Adult'),
('PAT00275', 'Female', 74, 'Elderly'),
('PAT00276', 'Male', 36, 'Adult'),
('PAT00277', 'Male', 31, 'Adult'),
('PAT00278', 'Male', 71, 'Elderly'),
('PAT00279', 'Female', 30, 'Adult'),
('PAT00280', 'Female', 26, 'Adult'),
('PAT00281', 'Female', 20, 'Youth'),
('PAT00282', 'Female', 67, 'Elderly'),
('PAT00283', 'Male', 34, 'Adult'),
('PAT00284', 'Female', 31, 'Adult'),
('PAT00285', 'Male', 46, 'Adult'),
('PAT00286', 'Female', 46, 'Adult'),
('PAT00287', 'Male', 16, 'Youth'),
('PAT00288', 'Female', 53, 'Adult'),
('PAT00289', 'Female', 77, 'Elderly'),
('PAT00290', 'Male', 51, 'Adult'),
('PAT00291', 'Female', 46, 'Adult'),
('PAT00292', 'Female', 74, 'Elderly'),
('PAT00293', 'Male', 77, 'Elderly'),
('PAT00294', 'Female', 76, 'Elderly'),
('PAT00295', 'Female', 69, 'Elderly'),
('PAT00296', 'Male', 17, 'Youth'),
('PAT00297', 'Male', 30, 'Adult'),
('PAT00298', 'Male', 61, 'Elderly'),
('PAT00299', 'Male', 25, 'Adult'),
('PAT00300', 'Female', 42, 'Adult'),
('PAT00301', 'Male', 62, 'Elderly'),
('PAT00302', 'Male', 37, 'Adult'),
('PAT00303', 'Female', 19, 'Youth'),
('PAT00304', 'Female', 23, 'Youth'),
('PAT00305', 'Male', 68, 'Elderly'),
('PAT00306', 'Male', 37, 'Adult'),
('PAT00307', 'Male', 63, 'Elderly'),
('PAT00308', 'Female', 36, 'Adult'),
('PAT00309', 'Female', 77, 'Elderly'),
('PAT00310', 'Female', 61, 'Elderly'),
('PAT00311', 'Male', 68, 'Elderly'),
('PAT00312', 'Male', 49, 'Adult'),
('PAT00313', 'Male', 16, 'Youth'),
('PAT00314', 'Male', 24, 'Youth'),
('PAT00315', 'Female', 75, 'Elderly'),
('PAT00316', 'Male', 27, 'Adult'),
('PAT00317', 'Female', 45, 'Adult'),
('PAT00318', 'Female', 38, 'Adult'),
('PAT00319', 'Male', 48, 'Adult'),
('PAT00320', 'Male', 69, 'Elderly'),
('PAT00321', 'Male', 46, 'Adult'),
('PAT00322', 'Male', 53, 'Adult'),
('PAT00323', 'Male', 20, 'Youth'),
('PAT00324', 'Female', 51, 'Adult'),
('PAT00325', 'Male', 45, 'Adult'),
('PAT00326', 'Male', 16, 'Youth'),
('PAT00327', 'Female', 60, 'Elderly'),
('PAT00328', 'Female', 47, 'Adult'),
('PAT00329', 'Female', 58, 'Adult'),
('PAT00330', 'Female', 75, 'Elderly'),
('PAT00331', 'Male', 34, 'Adult'),
('PAT00332', 'Female', 63, 'Elderly'),
('PAT00333', 'Female', 23, 'Youth'),
('PAT00334', 'Female', 68, 'Elderly'),
('PAT00335', 'Female', 41, 'Adult'),
('PAT00336', 'Female', 75, 'Elderly'),
('PAT00337', 'Male', 45, 'Adult'),
('PAT00338', 'Female', 36, 'Adult'),
('PAT00339', 'Male', 16, 'Youth'),
('PAT00340', 'Female', 57, 'Adult'),
('PAT00341', 'Male', 44, 'Adult'),
('PAT00342', 'Female', 32, 'Adult'),
('PAT00343', 'Female', 67, 'Elderly'),
('PAT00344', 'Female', 77, 'Elderly'),
('PAT00345', 'Female', 26, 'Adult'),
('PAT00346', 'Male', 77, 'Elderly'),
('PAT00347', 'Male', 60, 'Elderly'),
('PAT00348', 'Male', 26, 'Adult'),
('PAT00349', 'Male', 54, 'Adult'),
('PAT00350', 'Female', 70, 'Elderly'),
('PAT00351', 'Female', 58, 'Adult'),
('PAT00352', 'Female', 67, 'Elderly'),
('PAT00353', 'Male', 26, 'Adult'),
('PAT00354', 'Male', 47, 'Adult'),
('PAT00355', 'Male', 72, 'Elderly'),
('PAT00356', 'Female', 75, 'Elderly'),
('PAT00357', 'Male', 67, 'Elderly'),
('PAT00358', 'Male', 58, 'Adult'),
('PAT00359', 'Male', 42, 'Adult'),
('PAT00360', 'Male', 20, 'Youth'),
('PAT00361', 'Female', 29, 'Adult'),
('PAT00362', 'Female', 23, 'Youth'),
('PAT00363', 'Female', 68, 'Elderly'),
('PAT00364', 'Female', 62, 'Elderly'),
('PAT00365', 'Male', 18, 'Youth'),
('PAT00366', 'Female', 49, 'Adult'),
('PAT00367', 'Female', 78, 'Elderly'),
('PAT00368', 'Female', 41, 'Adult'),
('PAT00369', 'Female', 52, 'Adult'),
('PAT00370', 'Male', 41, 'Adult'),
('PAT00371', 'Male', 43, 'Adult'),
('PAT00372', 'Male', 34, 'Adult'),
('PAT00373', 'Male', 45, 'Adult'),
('PAT00374', 'Male', 73, 'Elderly'),
('PAT00375', 'Female', 27, 'Adult'),
('PAT00376', 'Male', 37, 'Adult'),
('PAT00377', 'Male', 16, 'Youth'),
('PAT00378', 'Male', 67, 'Elderly'),
('PAT00379', 'Female', 65, 'Elderly'),
('PAT00380', 'Male', 66, 'Elderly'),
('PAT00381', 'Female', 68, 'Elderly'),
('PAT00382', 'Female', 62, 'Elderly'),
('PAT00383', 'Female', 66, 'Elderly'),
('PAT00384', 'Female', 46, 'Adult'),
('PAT00385', 'Male', 63, 'Elderly'),
('PAT00386', 'Female', 75, 'Elderly'),
('PAT00387', 'Female', 35, 'Adult'),
('PAT00388', 'Female', 25, 'Adult'),
('PAT00389', 'Female', 68, 'Elderly'),
('PAT00390', 'Female', 54, 'Adult'),
('PAT00391', 'Female', 57, 'Adult'),
('PAT00392', 'Female', 19, 'Youth'),
('PAT00393', 'Male', 78, 'Elderly'),
('PAT00394', 'Male', 58, 'Adult'),
('PAT00395', 'Male', 16, 'Youth'),
('PAT00396', 'Female', 22, 'Youth'),
('PAT00397', 'Female', 72, 'Elderly'),
('PAT00398', 'Male', 33, 'Adult'),
('PAT00399', 'Male', 59, 'Adult'),
('PAT00400', 'Female', 58, 'Adult'),
('PAT00401', 'Female', 70, 'Elderly'),
('PAT00402', 'Male', 63, 'Elderly'),
('PAT00403', 'Female', 79, 'Elderly'),
('PAT00404', 'Male', 35, 'Adult'),
('PAT00405', 'Female', 29, 'Adult'),
('PAT00406', 'Male', 57, 'Adult'),
('PAT00407', 'Female', 77, 'Elderly'),
('PAT00408', 'Male', 75, 'Elderly'),
('PAT00409', 'Female', 52, 'Adult'),
('PAT00410', 'Male', 49, 'Adult'),
('PAT00411', 'Female', 75, 'Elderly'),
('PAT00412', 'Male', 17, 'Youth'),
('PAT00413', 'Male', 62, 'Elderly'),
('PAT00414', 'Female', 67, 'Elderly'),
('PAT00415', 'Female', 60, 'Elderly'),
('PAT00416', 'Male', 41, 'Adult'),
('PAT00417', 'Female', 55, 'Adult'),
('PAT00418', 'Female', 22, 'Youth'),
('PAT00419', 'Male', 55, 'Adult'),
('PAT00420', 'Male', 58, 'Adult'),
('PAT00421', 'Male', 57, 'Adult'),
('PAT00422', 'Male', 51, 'Adult'),
('PAT00423', 'Male', 46, 'Adult'),
('PAT00424', 'Male', 64, 'Elderly'),
('PAT00425', 'Male', 19, 'Youth'),
('PAT00426', 'Female', 72, 'Elderly'),
('PAT00427', 'Female', 20, 'Youth'),
('PAT00428', 'Male', 54, 'Adult'),
('PAT00429', 'Male', 53, 'Adult'),
('PAT00430', 'Female', 75, 'Elderly'),
('PAT00431', 'Male', 29, 'Adult'),
('PAT00432', 'Female', 78, 'Elderly'),
('PAT00433', 'Male', 50, 'Adult'),
('PAT00434', 'Female', 34, 'Adult'),
('PAT00435', 'Female', 19, 'Youth'),
('PAT00436', 'Female', 58, 'Adult'),
('PAT00437', 'Male', 52, 'Adult'),
('PAT00438', 'Female', 17, 'Youth'),
('PAT00439', 'Female', 24, 'Youth'),
('PAT00440', 'Female', 30, 'Adult'),
('PAT00441', 'Female', 28, 'Adult'),
('PAT00442', 'Female', 52, 'Adult'),
('PAT00443', 'Female', 55, 'Adult'),
('PAT00444', 'Female', 23, 'Youth'),
('PAT00445', 'Female', 50, 'Adult'),
('PAT00446', 'Male', 37, 'Adult'),
('PAT00447', 'Male', 65, 'Elderly'),
('PAT00448', 'Male', 75, 'Elderly'),
('PAT00449', 'Male', 40, 'Adult'),
('PAT00450', 'Male', 46, 'Adult'),
('PAT00451', 'Female', 75, 'Elderly'),
('PAT00452', 'Male', 51, 'Adult'),
('PAT00453', 'Female', 60, 'Elderly'),
('PAT00454', 'Female', 62, 'Elderly'),
('PAT00455', 'Male', 64, 'Elderly'),
('PAT00456', 'Female', 28, 'Adult'),
('PAT00457', 'Female', 56, 'Adult'),
('PAT00458', 'Male', 66, 'Elderly'),
('PAT00459', 'Male', 27, 'Adult'),
('PAT00460', 'Male', 26, 'Adult'),
('PAT00461', 'Female', 53, 'Adult'),
('PAT00462', 'Male', 57, 'Adult'),
('PAT00463', 'Male', 38, 'Adult'),
('PAT00464', 'Male', 58, 'Adult'),
('PAT00465', 'Male', 51, 'Adult'),
('PAT00466', 'Male', 28, 'Adult'),
('PAT00467', 'Female', 43, 'Adult'),
('PAT00468', 'Female', 46, 'Adult'),
('PAT00469', 'Female', 51, 'Adult'),
('PAT00470', 'Male', 80, 'Elderly'),
('PAT00471', 'Male', 63, 'Elderly'),
('PAT00472', 'Male', 34, 'Adult'),
('PAT00473', 'Female', 31, 'Adult'),
('PAT00474', 'Female', 51, 'Adult'),
('PAT00475', 'Male', 41, 'Adult'),
('PAT00476', 'Female', 72, 'Elderly'),
('PAT00477', 'Male', 40, 'Adult'),
('PAT00478', 'Female', 48, 'Adult'),
('PAT00479', 'Male', 68, 'Elderly'),
('PAT00480', 'Female', 18, 'Youth'),
('PAT00481', 'Male', 44, 'Adult'),
('PAT00482', 'Male', 57, 'Adult'),
('PAT00483', 'Female', 41, 'Adult'),
('PAT00484', 'Female', 40, 'Adult'),
('PAT00485', 'Male', 79, 'Elderly'),
('PAT00486', 'Female', 34, 'Adult'),
('PAT00487', 'Female', 25, 'Adult'),
('PAT00488', 'Male', 18, 'Youth'),
('PAT00489', 'Male', 23, 'Youth'),
('PAT00490', 'Female', 79, 'Elderly'),
('PAT00491', 'Male', 43, 'Adult'),
('PAT00492', 'Female', 78, 'Elderly'),
('PAT00493', 'Male', 79, 'Elderly'),
('PAT00494', 'Female', 61, 'Elderly'),
('PAT00495', 'Male', 64, 'Elderly'),
('PAT00496', 'Female', 56, 'Adult'),
('PAT00497', 'Male', 75, 'Elderly'),
('PAT00498', 'Female', 69, 'Elderly'),
('PAT00499', 'Male', 47, 'Adult'),
('PAT00500', 'Female', 40, 'Adult'),
('PAT00501', 'Female', 30, 'Adult'),
('PAT00502', 'Female', 24, 'Youth'),
('PAT00503', 'Female', 15, 'Youth'),
('PAT00504', 'Female', 72, 'Elderly'),
('PAT00505', 'Male', 50, 'Adult'),
('PAT00506', 'Male', 41, 'Adult'),
('PAT00507', 'Female', 50, 'Adult'),
('PAT00508', 'Male', 20, 'Youth'),
('PAT00509', 'Male', 15, 'Youth'),
('PAT00510', 'Female', 59, 'Adult'),
('PAT00511', 'Female', 22, 'Youth'),
('PAT00512', 'Female', 17, 'Youth'),
('PAT00513', 'Male', 56, 'Adult'),
('PAT00514', 'Male', 54, 'Adult'),
('PAT00515', 'Female', 72, 'Elderly'),
('PAT00516', 'Male', 31, 'Adult'),
('PAT00517', 'Female', 69, 'Elderly'),
('PAT00518', 'Female', 72, 'Elderly'),
('PAT00519', 'Male', 43, 'Adult'),
('PAT00520', 'Female', 47, 'Adult'),
('PAT00521', 'Female', 54, 'Adult'),
('PAT00522', 'Female', 57, 'Adult'),
('PAT00523', 'Male', 52, 'Adult'),
('PAT00524', 'Female', 70, 'Elderly'),
('PAT00525', 'Male', 17, 'Youth'),
('PAT00526', 'Female', 20, 'Youth'),
('PAT00527', 'Female', 35, 'Adult'),
('PAT00528', 'Male', 18, 'Youth'),
('PAT00529', 'Female', 19, 'Youth'),
('PAT00530', 'Female', 38, 'Adult'),
('PAT00531', 'Female', 54, 'Adult'),
('PAT00532', 'Male', 38, 'Adult'),
('PAT00533', 'Female', 18, 'Youth'),
('PAT00534', 'Male', 62, 'Elderly'),
('PAT00535', 'Female', 73, 'Elderly'),
('PAT00536', 'Male', 64, 'Elderly'),
('PAT00537', 'Female', 29, 'Adult'),
('PAT00538', 'Female', 19, 'Youth'),
('PAT00539', 'Male', 59, 'Adult'),
('PAT00540', 'Male', 74, 'Elderly'),
('PAT00541', 'Female', 24, 'Youth'),
('PAT00542', 'Female', 80, 'Elderly'),
('PAT00543', 'Male', 75, 'Elderly'),
('PAT00544', 'Female', 75, 'Elderly'),
('PAT00545', 'Female', 43, 'Adult'),
('PAT00546', 'Female', 19, 'Youth'),
('PAT00547', 'Female', 44, 'Adult'),
('PAT00548', 'Male', 67, 'Elderly'),
('PAT00549', 'Female', 53, 'Adult'),
('PAT00550', 'Male', 50, 'Adult'),
('PAT00551', 'Male', 29, 'Adult'),
('PAT00552', 'Female', 21, 'Youth'),
('PAT00553', 'Male', 18, 'Youth'),
('PAT00554', 'Male', 45, 'Adult'),
('PAT00555', 'Female', 70, 'Elderly'),
('PAT00556', 'Female', 76, 'Elderly'),
('PAT00557', 'Male', 27, 'Adult'),
('PAT00558', 'Male', 46, 'Adult'),
('PAT00559', 'Male', 70, 'Elderly'),
('PAT00560', 'Male', 17, 'Youth'),
('PAT00561', 'Female', 70, 'Elderly'),
('PAT00562', 'Female', 24, 'Youth'),
('PAT00563', 'Male', 73, 'Elderly'),
('PAT00564', 'Male', 21, 'Youth'),
('PAT00565', 'Male', 67, 'Elderly'),
('PAT00566', 'Female', 45, 'Adult'),
('PAT00567', 'Female', 76, 'Elderly'),
('PAT00568', 'Male', 32, 'Adult'),
('PAT00569', 'Female', 80, 'Elderly'),
('PAT00570', 'Male', 51, 'Adult'),
('PAT00571', 'Female', 42, 'Adult'),
('PAT00572', 'Female', 70, 'Elderly'),
('PAT00573', 'Female', 18, 'Youth'),
('PAT00574', 'Female', 80, 'Elderly'),
('PAT00575', 'Male', 32, 'Adult'),
('PAT00576', 'Female', 73, 'Elderly'),
('PAT00577', 'Male', 62, 'Elderly'),
('PAT00578', 'Female', 73, 'Elderly'),
('PAT00579', 'Female', 50, 'Adult'),
('PAT00580', 'Female', 70, 'Elderly'),
('PAT00581', 'Female', 48, 'Adult'),
('PAT00582', 'Female', 78, 'Elderly'),
('PAT00583', 'Male', 35, 'Adult'),
('PAT00584', 'Male', 57, 'Adult'),
('PAT00585', 'Female', 55, 'Adult'),
('PAT00586', 'Male', 26, 'Adult'),
('PAT00587', 'Female', 66, 'Elderly'),
('PAT00588', 'Female', 55, 'Adult'),
('PAT00589', 'Male', 31, 'Adult'),
('PAT00590', 'Male', 20, 'Youth'),
('PAT00591', 'Male', 51, 'Adult'),
('PAT00592', 'Female', 36, 'Adult'),
('PAT00593', 'Female', 38, 'Adult'),
('PAT00594', 'Male', 36, 'Adult'),
('PAT00595', 'Male', 67, 'Elderly'),
('PAT00596', 'Female', 21, 'Youth'),
('PAT00597', 'Male', 74, 'Elderly'),
('PAT00598', 'Female', 40, 'Adult'),
('PAT00599', 'Female', 32, 'Adult'),
('PAT00600', 'Female', 31, 'Adult'),
('PAT00601', 'Male', 33, 'Adult'),
('PAT00602', 'Female', 22, 'Youth'),
('PAT00603', 'Female', 31, 'Adult'),
('PAT00604', 'Male', 25, 'Adult'),
('PAT00605', 'Male', 62, 'Elderly'),
('PAT00606', 'Male', 61, 'Elderly'),
('PAT00607', 'Male', 78, 'Elderly'),
('PAT00608', 'Female', 27, 'Adult'),
('PAT00609', 'Female', 15, 'Youth'),
('PAT00610', 'Female', 29, 'Adult'),
('PAT00611', 'Male', 30, 'Adult'),
('PAT00612', 'Male', 26, 'Adult'),
('PAT00613', 'Female', 21, 'Youth'),
('PAT00614', 'Male', 72, 'Elderly'),
('PAT00615', 'Female', 52, 'Adult'),
('PAT00616', 'Female', 62, 'Elderly'),
('PAT00617', 'Male', 32, 'Adult'),
('PAT00618', 'Male', 32, 'Adult'),
('PAT00619', 'Male', 79, 'Elderly'),
('PAT00620', 'Male', 53, 'Adult'),
('PAT00621', 'Female', 77, 'Elderly'),
('PAT00622', 'Male', 17, 'Youth'),
('PAT00623', 'Female', 48, 'Adult'),
('PAT00624', 'Male', 73, 'Elderly'),
('PAT00625', 'Female', 47, 'Adult'),
('PAT00626', 'Male', 59, 'Adult'),
('PAT00627', 'Male', 41, 'Adult'),
('PAT00628', 'Female', 65, 'Elderly'),
('PAT00629', 'Female', 78, 'Elderly'),
('PAT00630', 'Female', 31, 'Adult'),
('PAT00631', 'Female', 49, 'Adult'),
('PAT00632', 'Male', 32, 'Adult'),
('PAT00633', 'Male', 80, 'Elderly'),
('PAT00634', 'Female', 62, 'Elderly'),
('PAT00635', 'Male', 41, 'Adult'),
('PAT00636', 'Female', 57, 'Adult'),
('PAT00637', 'Male', 25, 'Adult'),
('PAT00638', 'Male', 15, 'Youth'),
('PAT00639', 'Male', 40, 'Adult'),
('PAT00640', 'Female', 54, 'Adult'),
('PAT00641', 'Male', 47, 'Adult'),
('PAT00642', 'Male', 30, 'Adult'),
('PAT00643', 'Male', 75, 'Elderly'),
('PAT00644', 'Female', 77, 'Elderly'),
('PAT00645', 'Female', 63, 'Elderly'),
('PAT00646', 'Male', 50, 'Adult'),
('PAT00647', 'Female', 47, 'Adult'),
('PAT00648', 'Female', 18, 'Youth'),
('PAT00649', 'Female', 21, 'Youth'),
('PAT00650', 'Male', 52, 'Adult'),
('PAT00651', 'Male', 28, 'Adult'),
('PAT00652', 'Female', 52, 'Adult'),
('PAT00653', 'Male', 19, 'Youth'),
('PAT00654', 'Female', 25, 'Adult'),
('PAT00655', 'Female', 69, 'Elderly'),
('PAT00656', 'Male', 40, 'Adult'),
('PAT00657', 'Male', 79, 'Elderly'),
('PAT00658', 'Male', 56, 'Adult'),
('PAT00659', 'Female', 47, 'Adult'),
('PAT00660', 'Female', 43, 'Adult'),
('PAT00661', 'Male', 46, 'Adult'),
('PAT00662', 'Male', 48, 'Adult'),
('PAT00663', 'Female', 55, 'Adult'),
('PAT00664', 'Female', 46, 'Adult'),
('PAT00665', 'Male', 21, 'Youth'),
('PAT00666', 'Female', 66, 'Elderly'),
('PAT00667', 'Male', 39, 'Adult'),
('PAT00668', 'Male', 38, 'Adult'),
('PAT00669', 'Male', 25, 'Adult'),
('PAT00670', 'Female', 72, 'Elderly'),
('PAT00671', 'Male', 80, 'Elderly'),
('PAT00672', 'Female', 29, 'Adult'),
('PAT00673', 'Male', 48, 'Adult'),
('PAT00674', 'Female', 39, 'Adult'),
('PAT00675', 'Female', 60, 'Elderly'),
('PAT00676', 'Female', 36, 'Adult'),
('PAT00677', 'Female', 73, 'Elderly'),
('PAT00678', 'Male', 53, 'Adult'),
('PAT00679', 'Female', 56, 'Adult'),
('PAT00680', 'Female', 72, 'Elderly'),
('PAT00681', 'Female', 61, 'Elderly'),
('PAT00682', 'Female', 65, 'Elderly'),
('PAT00683', 'Female', 68, 'Elderly'),
('PAT00684', 'Male', 16, 'Youth'),
('PAT00685', 'Male', 65, 'Elderly'),
('PAT00686', 'Male', 75, 'Elderly'),
('PAT00687', 'Female', 43, 'Adult'),
('PAT00688', 'Female', 79, 'Elderly'),
('PAT00689', 'Female', 68, 'Elderly'),
('PAT00690', 'Male', 23, 'Youth'),
('PAT00691', 'Female', 62, 'Elderly'),
('PAT00692', 'Male', 73, 'Elderly'),
('PAT00693', 'Male', 36, 'Adult'),
('PAT00694', 'Female', 42, 'Adult'),
('PAT00695', 'Male', 25, 'Adult'),
('PAT00696', 'Female', 26, 'Adult'),
('PAT00697', 'Male', 53, 'Adult'),
('PAT00698', 'Female', 36, 'Adult'),
('PAT00699', 'Female', 47, 'Adult'),
('PAT00700', 'Female', 44, 'Adult'),
('PAT00701', 'Female', 53, 'Adult'),
('PAT00702', 'Female', 40, 'Adult'),
('PAT00703', 'Female', 76, 'Elderly'),
('PAT00704', 'Female', 20, 'Youth'),
('PAT00705', 'Male', 67, 'Elderly'),
('PAT00706', 'Male', 36, 'Adult'),
('PAT00707', 'Male', 45, 'Adult'),
('PAT00708', 'Female', 25, 'Adult'),
('PAT00709', 'Female', 16, 'Youth'),
('PAT00710', 'Female', 22, 'Youth'),
('PAT00711', 'Male', 26, 'Adult'),
('PAT00712', 'Male', 71, 'Elderly'),
('PAT00713', 'Female', 51, 'Adult'),
('PAT00714', 'Female', 28, 'Adult'),
('PAT00715', 'Male', 54, 'Adult'),
('PAT00716', 'Female', 63, 'Elderly'),
('PAT00717', 'Female', 18, 'Youth'),
('PAT00718', 'Female', 31, 'Adult'),
('PAT00719', 'Female', 46, 'Adult'),
('PAT00720', 'Female', 35, 'Adult'),
('PAT00721', 'Male', 49, 'Adult'),
('PAT00722', 'Male', 42, 'Adult'),
('PAT00723', 'Female', 54, 'Adult'),
('PAT00724', 'Male', 40, 'Adult'),
('PAT00725', 'Female', 39, 'Adult'),
('PAT00726', 'Male', 36, 'Adult'),
('PAT00727', 'Female', 62, 'Elderly'),
('PAT00728', 'Female', 18, 'Youth'),
('PAT00729', 'Female', 37, 'Adult'),
('PAT00730', 'Female', 31, 'Adult'),
('PAT00731', 'Male', 36, 'Adult'),
('PAT00732', 'Female', 55, 'Adult'),
('PAT00733', 'Male', 64, 'Elderly'),
('PAT00734', 'Male', 18, 'Youth'),
('PAT00735', 'Female', 33, 'Adult'),
('PAT00736', 'Female', 66, 'Elderly'),
('PAT00737', 'Female', 49, 'Adult'),
('PAT00738', 'Male', 47, 'Adult'),
('PAT00739', 'Male', 57, 'Adult'),
('PAT00740', 'Female', 51, 'Adult'),
('PAT00741', 'Male', 26, 'Adult'),
('PAT00742', 'Male', 63, 'Elderly'),
('PAT00743', 'Male', 42, 'Adult'),
('PAT00744', 'Female', 63, 'Elderly'),
('PAT00745', 'Male', 49, 'Adult'),
('PAT00746', 'Male', 38, 'Adult'),
('PAT00747', 'Male', 41, 'Adult'),
('PAT00748', 'Male', 41, 'Adult'),
('PAT00749', 'Male', 59, 'Adult'),
('PAT00750', 'Male', 78, 'Elderly'),
('PAT00751', 'Male', 37, 'Adult'),
('PAT00752', 'Female', 30, 'Adult'),
('PAT00753', 'Female', 20, 'Youth'),
('PAT00754', 'Male', 54, 'Adult'),
('PAT00755', 'Male', 16, 'Youth'),
('PAT00756', 'Male', 30, 'Adult'),
('PAT00757', 'Male', 31, 'Adult'),
('PAT00758', 'Male', 33, 'Adult'),
('PAT00759', 'Male', 30, 'Adult'),
('PAT00760', 'Female', 27, 'Adult'),
('PAT00761', 'Female', 54, 'Adult'),
('PAT00762', 'Male', 77, 'Elderly'),
('PAT00763', 'Female', 37, 'Adult'),
('PAT00764', 'Male', 15, 'Youth'),
('PAT00765', 'Male', 26, 'Adult'),
('PAT00766', 'Male', 34, 'Adult'),
('PAT00767', 'Female', 60, 'Elderly'),
('PAT00768', 'Male', 40, 'Adult'),
('PAT00769', 'Female', 76, 'Elderly'),
('PAT00770', 'Female', 39, 'Adult'),
('PAT00771', 'Male', 58, 'Adult'),
('PAT00772', 'Male', 40, 'Adult'),
('PAT00773', 'Female', 24, 'Youth'),
('PAT00774', 'Male', 36, 'Adult'),
('PAT00775', 'Male', 53, 'Adult'),
('PAT00776', 'Male', 21, 'Youth'),
('PAT00777', 'Male', 24, 'Youth'),
('PAT00778', 'Male', 70, 'Elderly'),
('PAT00779', 'Female', 42, 'Adult'),
('PAT00780', 'Male', 76, 'Elderly'),
('PAT00781', 'Female', 59, 'Adult'),
('PAT00782', 'Female', 76, 'Elderly'),
('PAT00783', 'Male', 49, 'Adult'),
('PAT00784', 'Female', 74, 'Elderly'),
('PAT00785', 'Female', 27, 'Adult'),
('PAT00786', 'Female', 29, 'Adult'),
('PAT00787', 'Male', 43, 'Adult'),
('PAT00788', 'Male', 72, 'Elderly'),
('PAT00789', 'Female', 75, 'Elderly'),
('PAT00790', 'Female', 57, 'Adult'),
('PAT00791', 'Female', 73, 'Elderly'),
('PAT00792', 'Female', 65, 'Elderly'),
('PAT00793', 'Female', 78, 'Elderly'),
('PAT00794', 'Female', 77, 'Elderly'),
('PAT00795', 'Male', 67, 'Elderly'),
('PAT00796', 'Male', 69, 'Elderly'),
('PAT00797', 'Male', 68, 'Elderly'),
('PAT00798', 'Male', 16, 'Youth'),
('PAT00799', 'Male', 21, 'Youth'),
('PAT00800', 'Female', 29, 'Adult'),
('PAT00801', 'Male', 40, 'Adult'),
('PAT00802', 'Female', 50, 'Adult'),
('PAT00803', 'Male', 43, 'Adult'),
('PAT00804', 'Female', 34, 'Adult'),
('PAT00805', 'Female', 68, 'Elderly'),
('PAT00806', 'Male', 70, 'Elderly'),
('PAT00807', 'Male', 42, 'Adult'),
('PAT00808', 'Female', 30, 'Adult'),
('PAT00809', 'Male', 40, 'Adult'),
('PAT00810', 'Male', 18, 'Youth'),
('PAT00811', 'Female', 16, 'Youth'),
('PAT00812', 'Female', 77, 'Elderly'),
('PAT00813', 'Male', 53, 'Adult'),
('PAT00814', 'Male', 23, 'Youth'),
('PAT00815', 'Male', 21, 'Youth'),
('PAT00816', 'Female', 48, 'Adult'),
('PAT00817', 'Male', 77, 'Elderly'),
('PAT00818', 'Male', 51, 'Adult'),
('PAT00819', 'Female', 52, 'Adult'),
('PAT00820', 'Male', 76, 'Elderly'),
('PAT00821', 'Male', 27, 'Adult'),
('PAT00822', 'Female', 32, 'Adult'),
('PAT00823', 'Female', 79, 'Elderly'),
('PAT00824', 'Male', 31, 'Adult'),
('PAT00825', 'Male', 28, 'Adult'),
('PAT00826', 'Female', 64, 'Elderly'),
('PAT00827', 'Male', 18, 'Youth'),
('PAT00828', 'Female', 45, 'Adult'),
('PAT00829', 'Female', 56, 'Adult'),
('PAT00830', 'Female', 75, 'Elderly'),
('PAT00831', 'Male', 63, 'Elderly'),
('PAT00832', 'Male', 69, 'Elderly'),
('PAT00833', 'Male', 38, 'Adult'),
('PAT00834', 'Male', 74, 'Elderly'),
('PAT00835', 'Male', 43, 'Adult'),
('PAT00836', 'Male', 19, 'Youth'),
('PAT00837', 'Female', 23, 'Youth'),
('PAT00838', 'Female', 75, 'Elderly'),
('PAT00839', 'Male', 18, 'Youth'),
('PAT00840', 'Male', 44, 'Adult'),
('PAT00841', 'Female', 57, 'Adult'),
('PAT00842', 'Female', 16, 'Youth'),
('PAT00843', 'Male', 72, 'Elderly'),
('PAT00844', 'Female', 71, 'Elderly'),
('PAT00845', 'Male', 69, 'Elderly'),
('PAT00846', 'Male', 59, 'Adult'),
('PAT00847', 'Male', 75, 'Elderly'),
('PAT00848', 'Female', 21, 'Youth'),
('PAT00849', 'Male', 37, 'Adult'),
('PAT00850', 'Male', 66, 'Elderly'),
('PAT00851', 'Female', 52, 'Adult'),
('PAT00852', 'Female', 36, 'Adult'),
('PAT00853', 'Male', 15, 'Youth'),
('PAT00854', 'Female', 78, 'Elderly'),
('PAT00855', 'Male', 80, 'Elderly'),
('PAT00856', 'Female', 62, 'Elderly'),
('PAT00857', 'Female', 32, 'Adult'),
('PAT00858', 'Male', 36, 'Adult'),
('PAT00859', 'Female', 72, 'Elderly'),
('PAT00860', 'Male', 28, 'Adult'),
('PAT00861', 'Male', 67, 'Elderly'),
('PAT00862', 'Female', 45, 'Adult'),
('PAT00863', 'Male', 49, 'Adult'),
('PAT00864', 'Female', 74, 'Elderly'),
('PAT00865', 'Male', 47, 'Adult'),
('PAT00866', 'Female', 54, 'Adult'),
('PAT00867', 'Female', 56, 'Adult'),
('PAT00868', 'Female', 65, 'Elderly'),
('PAT00869', 'Male', 72, 'Elderly'),
('PAT00870', 'Male', 17, 'Youth'),
('PAT00871', 'Female', 31, 'Adult'),
('PAT00872', 'Male', 72, 'Elderly'),
('PAT00873', 'Male', 47, 'Adult'),
('PAT00874', 'Female', 53, 'Adult'),
('PAT00875', 'Female', 66, 'Elderly'),
('PAT00876', 'Female', 30, 'Adult'),
('PAT00877', 'Male', 62, 'Elderly'),
('PAT00878', 'Female', 73, 'Elderly'),
('PAT00879', 'Female', 39, 'Adult'),
('PAT00880', 'Male', 56, 'Adult'),
('PAT00881', 'Female', 27, 'Adult'),
('PAT00882', 'Male', 26, 'Adult'),
('PAT00883', 'Male', 17, 'Youth'),
('PAT00884', 'Male', 57, 'Adult'),
('PAT00885', 'Male', 27, 'Adult'),
('PAT00886', 'Female', 40, 'Adult'),
('PAT00887', 'Female', 50, 'Adult'),
('PAT00888', 'Male', 46, 'Adult'),
('PAT00889', 'Female', 21, 'Youth'),
('PAT00890', 'Male', 52, 'Adult'),
('PAT00891', 'Male', 44, 'Adult'),
('PAT00892', 'Male', 66, 'Elderly'),
('PAT00893', 'Female', 35, 'Adult'),
('PAT00894', 'Male', 68, 'Elderly'),
('PAT00895', 'Male', 33, 'Adult'),
('PAT00896', 'Female', 51, 'Adult'),
('PAT00897', 'Male', 53, 'Adult'),
('PAT00898', 'Male', 39, 'Adult'),
('PAT00899', 'Female', 19, 'Youth'),
('PAT00900', 'Female', 76, 'Elderly'),
('PAT00901', 'Female', 72, 'Elderly'),
('PAT00902', 'Female', 72, 'Elderly'),
('PAT00903', 'Male', 61, 'Elderly'),
('PAT00904', 'Female', 39, 'Adult'),
('PAT00905', 'Female', 65, 'Elderly'),
('PAT00906', 'Female', 64, 'Elderly'),
('PAT00907', 'Female', 32, 'Adult'),
('PAT00908', 'Female', 51, 'Adult'),
('PAT00909', 'Male', 45, 'Adult'),
('PAT00910', 'Male', 55, 'Adult'),
('PAT00911', 'Female', 52, 'Adult'),
('PAT00912', 'Male', 73, 'Elderly'),
('PAT00913', 'Male', 29, 'Adult'),
('PAT00914', 'Male', 70, 'Elderly'),
('PAT00915', 'Male', 16, 'Youth'),
('PAT00916', 'Female', 80, 'Elderly'),
('PAT00917', 'Female', 77, 'Elderly'),
('PAT00918', 'Male', 58, 'Adult'),
('PAT00919', 'Female', 50, 'Adult'),
('PAT00920', 'Male', 73, 'Elderly'),
('PAT00921', 'Male', 24, 'Youth'),
('PAT00922', 'Female', 72, 'Elderly'),
('PAT00923', 'Male', 51, 'Adult'),
('PAT00924', 'Female', 59, 'Adult'),
('PAT00925', 'Female', 62, 'Elderly'),
('PAT00926', 'Male', 70, 'Elderly'),
('PAT00927', 'Male', 36, 'Adult'),
('PAT00928', 'Female', 68, 'Elderly'),
('PAT00929', 'Female', 17, 'Youth'),
('PAT00930', 'Female', 25, 'Adult'),
('PAT00931', 'Female', 45, 'Adult'),
('PAT00932', 'Female', 31, 'Adult'),
('PAT00933', 'Male', 25, 'Adult'),
('PAT00934', 'Female', 63, 'Elderly'),
('PAT00935', 'Female', 63, 'Elderly'),
('PAT00936', 'Male', 21, 'Youth'),
('PAT00937', 'Female', 49, 'Adult'),
('PAT00938', 'Female', 57, 'Adult'),
('PAT00939', 'Male', 56, 'Adult'),
('PAT00940', 'Female', 55, 'Adult'),
('PAT00941', 'Female', 39, 'Adult'),
('PAT00942', 'Male', 76, 'Elderly'),
('PAT00943', 'Male', 45, 'Adult'),
('PAT00944', 'Male', 54, 'Adult'),
('PAT00945', 'Female', 76, 'Elderly'),
('PAT00946', 'Female', 59, 'Adult'),
('PAT00947', 'Male', 74, 'Elderly'),
('PAT00948', 'Female', 41, 'Adult'),
('PAT00949', 'Male', 50, 'Adult'),
('PAT00950', 'Male', 50, 'Adult'),
('PAT00951', 'Female', 62, 'Elderly'),
('PAT00952', 'Female', 29, 'Adult'),
('PAT00953', 'Female', 65, 'Elderly'),
('PAT00954', 'Male', 49, 'Adult'),
('PAT00955', 'Male', 37, 'Adult'),
('PAT00956', 'Female', 31, 'Adult'),
('PAT00957', 'Male', 37, 'Adult'),
('PAT00958', 'Female', 43, 'Adult'),
('PAT00959', 'Female', 38, 'Adult'),
('PAT00960', 'Male', 68, 'Elderly'),
('PAT00961', 'Female', 60, 'Elderly'),
('PAT00962', 'Male', 55, 'Adult'),
('PAT00963', 'Male', 79, 'Elderly'),
('PAT00964', 'Female', 45, 'Adult'),
('PAT00965', 'Male', 72, 'Elderly'),
('PAT00966', 'Male', 39, 'Adult'),
('PAT00967', 'Male', 65, 'Elderly'),
('PAT00968', 'Male', 35, 'Adult'),
('PAT00969', 'Male', 39, 'Adult'),
('PAT00970', 'Female', 57, 'Adult'),
('PAT00971', 'Female', 68, 'Elderly'),
('PAT00972', 'Male', 33, 'Adult'),
('PAT00973', 'Female', 58, 'Adult'),
('PAT00974', 'Male', 53, 'Adult'),
('PAT00975', 'Male', 51, 'Adult'),
('PAT00976', 'Male', 16, 'Youth'),
('PAT00977', 'Female', 45, 'Adult'),
('PAT00978', 'Female', 40, 'Adult'),
('PAT00979', 'Male', 61, 'Elderly'),
('PAT00980', 'Male', 73, 'Elderly'),
('PAT00981', 'Male', 61, 'Elderly'),
('PAT00982', 'Female', 39, 'Adult'),
('PAT00983', 'Female', 23, 'Youth'),
('PAT00984', 'Female', 35, 'Adult'),
('PAT00985', 'Female', 19, 'Youth'),
('PAT00986', 'Female', 76, 'Elderly'),
('PAT00987', 'Female', 25, 'Adult'),
('PAT00988', 'Female', 78, 'Elderly'),
('PAT00989', 'Male', 73, 'Elderly'),
('PAT00990', 'Male', 32, 'Adult'),
('PAT00991', 'Female', 18, 'Youth'),
('PAT00992', 'Female', 73, 'Elderly'),
('PAT00993', 'Male', 64, 'Elderly'),
('PAT00994', 'Male', 44, 'Adult'),
('PAT00995', 'Female', 21, 'Youth'),
('PAT00996', 'Male', 41, 'Adult'),
('PAT00997', 'Female', 16, 'Youth'),
('PAT00998', 'Female', 73, 'Elderly'),
('PAT00999', 'Male', 20, 'Youth'),
('PAT01000', 'Female', 72, 'Elderly');

-- --------------------------------------------------------

--
-- Table structure for table `dim_time`
--

CREATE TABLE `dim_time` (
  `Time_ID` int(11) NOT NULL,
  `Visit_Date` date DEFAULT NULL,
  `Year` int(11) DEFAULT NULL,
  `Quarter` varchar(2) DEFAULT NULL,
  `Month` varchar(15) DEFAULT NULL
) ENGINE=InnoDB DEFAULT CHARSET=latin1;

--
-- Dumping data for table `dim_time`
--

INSERT INTO `dim_time` (`Time_ID`, `Visit_Date`, `Year`, `Quarter`, `Month`) VALUES
(1, '2024-06-24', 2024, 'Q2', 'June'),
(2, '2022-02-23', 2022, 'Q1', 'February'),
(3, '2022-09-18', 2022, 'Q3', 'September'),
(4, '2023-08-09', 2023, 'Q3', 'August'),
(5, '2024-11-26', 2024, 'Q4', 'November'),
(6, '2024-10-26', 2024, 'Q4', 'October'),
(7, '2023-01-05', 2023, 'Q1', 'January'),
(8, '2022-12-09', 2022, 'Q4', 'December'),
(9, '2024-05-27', 2024, 'Q2', 'May'),
(10, '2024-06-02', 2024, 'Q2', 'June'),
(11, '2022-07-11', 2022, 'Q3', 'July'),
(12, '2022-04-22', 2022, 'Q2', 'April'),
(13, '2024-12-30', 2024, 'Q4', 'December'),
(14, '2023-06-25', 2023, 'Q2', 'June'),
(15, '2022-08-05', 2022, 'Q3', 'August'),
(16, '2022-03-11', 2022, 'Q1', 'March'),
(17, '2023-10-01', 2023, 'Q4', 'October'),
(18, '2022-03-07', 2022, 'Q1', 'March'),
(19, '2022-12-11', 2022, 'Q4', 'December'),
(20, '2023-11-26', 2023, 'Q4', 'November'),
(21, '2023-12-09', 2023, 'Q4', 'December'),
(22, '2023-08-24', 2023, 'Q3', 'August'),
(23, '2024-08-12', 2024, 'Q3', 'August'),
(24, '2022-02-09', 2022, 'Q1', 'February'),
(25, '2023-01-18', 2023, 'Q1', 'January'),
(26, '2023-10-17', 2023, 'Q4', 'October'),
(27, '2023-06-16', 2023, 'Q2', 'June'),
(28, '2022-07-21', 2022, 'Q3', 'July'),
(29, '2024-05-26', 2024, 'Q2', 'May'),
(30, '2024-12-25', 2024, 'Q4', 'December'),
(31, '2024-03-31', 2024, 'Q1', 'March'),
(32, '2023-08-29', 2023, 'Q3', 'August'),
(33, '2022-06-16', 2022, 'Q2', 'June'),
(34, '2024-10-16', 2024, 'Q4', 'October'),
(35, '2023-10-23', 2023, 'Q4', 'October'),
(36, '2023-09-15', 2023, 'Q3', 'September'),
(37, '2022-09-07', 2022, 'Q3', 'September'),
(38, '2024-12-11', 2024, 'Q4', 'December'),
(39, '2023-06-09', 2023, 'Q2', 'June'),
(40, '2023-08-20', 2023, 'Q3', 'August'),
(41, '2023-02-19', 2023, 'Q1', 'February'),
(42, '2023-04-11', 2023, 'Q2', 'April'),
(43, '2023-08-25', 2023, 'Q3', 'August'),
(44, '2024-02-17', 2024, 'Q1', 'February'),
(45, '2024-10-11', 2024, 'Q4', 'October'),
(46, '2023-02-28', 2023, 'Q1', 'February'),
(47, '2024-10-15', 2024, 'Q4', 'October'),
(48, '2023-01-17', 2023, 'Q1', 'January'),
(49, '2024-01-18', 2024, 'Q1', 'January'),
(50, '2022-01-07', 2022, 'Q1', 'January'),
(51, '2024-11-20', 2024, 'Q4', 'November'),
(52, '2023-08-14', 2023, 'Q3', 'August'),
(53, '2024-05-23', 2024, 'Q2', 'May'),
(54, '2024-02-27', 2024, 'Q1', 'February'),
(55, '2023-12-29', 2023, 'Q4', 'December'),
(56, '2023-04-24', 2023, 'Q2', 'April'),
(57, '2022-08-23', 2022, 'Q3', 'August'),
(58, '2022-05-15', 2022, 'Q2', 'May'),
(59, '2024-08-14', 2024, 'Q3', 'August'),
(60, '2023-04-21', 2023, 'Q2', 'April'),
(61, '2022-11-01', 2022, 'Q4', 'November'),
(62, '2022-03-06', 2022, 'Q1', 'March'),
(63, '2023-04-03', 2023, 'Q2', 'April'),
(64, '2022-03-24', 2022, 'Q1', 'March'),
(65, '2024-03-22', 2024, 'Q1', 'March'),
(66, '2022-03-10', 2022, 'Q1', 'March'),
(67, '2023-11-27', 2023, 'Q4', 'November'),
(68, '2024-11-25', 2024, 'Q4', 'November'),
(69, '2023-11-14', 2023, 'Q4', 'November'),
(70, '2022-07-14', 2022, 'Q3', 'July'),
(71, '2024-08-16', 2024, 'Q3', 'August'),
(72, '2023-09-28', 2023, 'Q3', 'September'),
(73, '2024-07-03', 2024, 'Q3', 'July'),
(74, '2023-07-09', 2023, 'Q3', 'July'),
(75, '2024-02-11', 2024, 'Q1', 'February'),
(76, '2024-07-29', 2024, 'Q3', 'July'),
(77, '2022-09-17', 2022, 'Q3', 'September'),
(78, '2024-11-21', 2024, 'Q4', 'November'),
(79, '2022-01-15', 2022, 'Q1', 'January'),
(80, '2024-09-17', 2024, 'Q3', 'September'),
(81, '2024-11-16', 2024, 'Q4', 'November'),
(82, '2024-10-01', 2024, 'Q4', 'October'),
(83, '2023-07-30', 2023, 'Q3', 'July'),
(84, '2023-07-04', 2023, 'Q3', 'July'),
(85, '2023-12-21', 2023, 'Q4', 'December'),
(86, '2023-12-07', 2023, 'Q4', 'December'),
(87, '2022-04-20', 2022, 'Q2', 'April'),
(88, '2022-07-25', 2022, 'Q3', 'July'),
(89, '2024-06-07', 2024, 'Q2', 'June'),
(90, '2022-07-22', 2022, 'Q3', 'July'),
(91, '2022-07-15', 2022, 'Q3', 'July'),
(92, '2022-05-30', 2022, 'Q2', 'May'),
(93, '2023-03-02', 2023, 'Q1', 'March'),
(94, '2024-12-10', 2024, 'Q4', 'December'),
(95, '2024-09-07', 2024, 'Q3', 'September'),
(96, '2024-02-05', 2024, 'Q1', 'February'),
(97, '2023-11-02', 2023, 'Q4', 'November'),
(98, '2023-04-26', 2023, 'Q2', 'April'),
(99, '2024-03-30', 2024, 'Q1', 'March'),
(100, '2022-10-27', 2022, 'Q4', 'October'),
(101, '2022-05-07', 2022, 'Q2', 'May'),
(102, '2022-03-12', 2022, 'Q1', 'March'),
(103, '2023-03-22', 2023, 'Q1', 'March'),
(104, '2023-10-14', 2023, 'Q4', 'October'),
(105, '2023-12-05', 2023, 'Q4', 'December'),
(106, '2023-03-27', 2023, 'Q1', 'March'),
(107, '2022-04-01', 2022, 'Q2', 'April'),
(108, '2024-11-24', 2024, 'Q4', 'November'),
(109, '2022-11-15', 2022, 'Q4', 'November'),
(110, '2022-07-10', 2022, 'Q3', 'July'),
(111, '2023-01-29', 2023, 'Q1', 'January'),
(112, '2023-02-22', 2023, 'Q1', 'February'),
(113, '2024-08-19', 2024, 'Q3', 'August'),
(114, '2024-12-13', 2024, 'Q4', 'December'),
(115, '2024-09-05', 2024, 'Q3', 'September'),
(116, '2024-03-20', 2024, 'Q1', 'March'),
(117, '2023-03-03', 2023, 'Q1', 'March'),
(118, '2024-04-15', 2024, 'Q2', 'April'),
(119, '2023-05-07', 2023, 'Q2', 'May'),
(120, '2022-01-17', 2022, 'Q1', 'January'),
(121, '2024-11-05', 2024, 'Q4', 'November'),
(122, '2024-03-16', 2024, 'Q1', 'March'),
(123, '2022-07-30', 2022, 'Q3', 'July'),
(124, '2023-09-25', 2023, 'Q3', 'September'),
(125, '2022-03-18', 2022, 'Q1', 'March'),
(126, '2024-07-12', 2024, 'Q3', 'July'),
(127, '2024-02-20', 2024, 'Q1', 'February'),
(128, '2024-04-06', 2024, 'Q2', 'April'),
(129, '2024-05-03', 2024, 'Q2', 'May'),
(130, '2022-11-24', 2022, 'Q4', 'November'),
(131, '2023-06-20', 2023, 'Q2', 'June'),
(132, '2023-08-16', 2023, 'Q3', 'August'),
(133, '2024-10-23', 2024, 'Q4', 'October'),
(134, '2024-12-01', 2024, 'Q4', 'December'),
(135, '2022-04-02', 2022, 'Q2', 'April'),
(136, '2022-08-21', 2022, 'Q3', 'August'),
(137, '2023-12-06', 2023, 'Q4', 'December'),
(138, '2024-08-29', 2024, 'Q3', 'August'),
(139, '2024-12-21', 2024, 'Q4', 'December'),
(140, '2022-09-22', 2022, 'Q3', 'September'),
(141, '2022-08-12', 2022, 'Q3', 'August'),
(142, '2024-02-10', 2024, 'Q1', 'February'),
(143, '2022-09-15', 2022, 'Q3', 'September'),
(144, '2022-04-16', 2022, 'Q2', 'April'),
(145, '2022-03-23', 2022, 'Q1', 'March'),
(146, '2023-02-25', 2023, 'Q1', 'February'),
(147, '2024-01-12', 2024, 'Q1', 'January'),
(148, '2024-10-21', 2024, 'Q4', 'October'),
(149, '2023-04-25', 2023, 'Q2', 'April'),
(150, '2023-04-10', 2023, 'Q2', 'April'),
(151, '2024-07-21', 2024, 'Q3', 'July'),
(152, '2022-05-01', 2022, 'Q2', 'May'),
(153, '2024-09-21', 2024, 'Q3', 'September'),
(154, '2023-11-17', 2023, 'Q4', 'November'),
(155, '2023-03-20', 2023, 'Q1', 'March'),
(156, '2022-03-02', 2022, 'Q1', 'March'),
(157, '2022-06-14', 2022, 'Q2', 'June'),
(158, '2024-01-19', 2024, 'Q1', 'January'),
(159, '2024-03-12', 2024, 'Q1', 'March'),
(160, '2022-05-12', 2022, 'Q2', 'May'),
(161, '2023-12-24', 2023, 'Q4', 'December'),
(162, '2022-07-08', 2022, 'Q3', 'July'),
(163, '2022-12-07', 2022, 'Q4', 'December'),
(164, '2023-09-30', 2023, 'Q3', 'September'),
(165, '2023-10-30', 2023, 'Q4', 'October'),
(166, '2024-10-24', 2024, 'Q4', 'October'),
(167, '2023-08-23', 2023, 'Q3', 'August'),
(168, '2022-05-06', 2022, 'Q2', 'May'),
(169, '2022-06-04', 2022, 'Q2', 'June'),
(170, '2022-05-10', 2022, 'Q2', 'May'),
(171, '2022-06-28', 2022, 'Q2', 'June'),
(172, '2024-07-02', 2024, 'Q3', 'July'),
(173, '2023-05-27', 2023, 'Q2', 'May'),
(174, '2023-06-10', 2023, 'Q2', 'June'),
(175, '2023-07-22', 2023, 'Q3', 'July'),
(176, '2024-07-19', 2024, 'Q3', 'July'),
(177, '2024-03-17', 2024, 'Q1', 'March'),
(178, '2022-02-08', 2022, 'Q1', 'February'),
(179, '2023-09-03', 2023, 'Q3', 'September'),
(180, '2023-02-23', 2023, 'Q1', 'February'),
(181, '2022-08-18', 2022, 'Q3', 'August'),
(182, '2023-09-24', 2023, 'Q3', 'September'),
(183, '2023-07-11', 2023, 'Q3', 'July'),
(184, '2022-01-19', 2022, 'Q1', 'January'),
(185, '2022-09-02', 2022, 'Q3', 'September'),
(186, '2024-05-29', 2024, 'Q2', 'May'),
(187, '2023-03-31', 2023, 'Q1', 'March'),
(188, '2023-03-26', 2023, 'Q1', 'March'),
(189, '2024-06-28', 2024, 'Q2', 'June'),
(190, '2022-07-13', 2022, 'Q3', 'July'),
(191, '2022-09-30', 2022, 'Q3', 'September'),
(192, '2023-07-23', 2023, 'Q3', 'July'),
(193, '2024-04-11', 2024, 'Q2', 'April'),
(194, '2024-11-04', 2024, 'Q4', 'November'),
(195, '2022-09-27', 2022, 'Q3', 'September'),
(196, '2023-10-06', 2023, 'Q4', 'October'),
(197, '2022-03-29', 2022, 'Q1', 'March'),
(198, '2024-03-27', 2024, 'Q1', 'March'),
(199, '2022-11-02', 2022, 'Q4', 'November'),
(200, '2022-01-04', 2022, 'Q1', 'January'),
(201, '2022-04-09', 2022, 'Q2', 'April'),
(202, '2022-08-22', 2022, 'Q3', 'August'),
(203, '2022-12-02', 2022, 'Q4', 'December'),
(204, '2023-11-06', 2023, 'Q4', 'November'),
(205, '2022-12-26', 2022, 'Q4', 'December'),
(206, '2023-11-16', 2023, 'Q4', 'November'),
(207, '2023-02-17', 2023, 'Q1', 'February'),
(208, '2022-12-25', 2022, 'Q4', 'December'),
(209, '2023-12-11', 2023, 'Q4', 'December'),
(210, '2022-10-25', 2022, 'Q4', 'October'),
(211, '2022-07-05', 2022, 'Q3', 'July'),
(212, '2022-10-13', 2022, 'Q4', 'October'),
(213, '2024-12-16', 2024, 'Q4', 'December'),
(214, '2024-08-25', 2024, 'Q3', 'August'),
(215, '2022-05-02', 2022, 'Q2', 'May'),
(216, '2023-05-04', 2023, 'Q2', 'May'),
(217, '2022-10-03', 2022, 'Q4', 'October'),
(218, '2024-09-18', 2024, 'Q3', 'September'),
(219, '2022-11-12', 2022, 'Q4', 'November'),
(220, '2024-10-02', 2024, 'Q4', 'October'),
(221, '2023-02-26', 2023, 'Q1', 'February'),
(222, '2023-02-07', 2023, 'Q1', 'February'),
(223, '2023-04-17', 2023, 'Q2', 'April'),
(224, '2024-01-02', 2024, 'Q1', 'January'),
(225, '2024-08-11', 2024, 'Q3', 'August'),
(226, '2024-08-22', 2024, 'Q3', 'August'),
(227, '2023-03-25', 2023, 'Q1', 'March'),
(228, '2022-09-12', 2022, 'Q3', 'September'),
(229, '2023-12-04', 2023, 'Q4', 'December'),
(230, '2023-12-19', 2023, 'Q4', 'December'),
(231, '2023-07-19', 2023, 'Q3', 'July'),
(232, '2024-01-07', 2024, 'Q1', 'January'),
(233, '2022-08-07', 2022, 'Q3', 'August'),
(234, '2023-07-08', 2023, 'Q3', 'July'),
(235, '2023-12-28', 2023, 'Q4', 'December'),
(236, '2024-06-14', 2024, 'Q2', 'June'),
(237, '2024-05-09', 2024, 'Q2', 'May'),
(238, '2023-11-21', 2023, 'Q4', 'November'),
(239, '2024-04-04', 2024, 'Q2', 'April'),
(240, '2022-10-08', 2022, 'Q4', 'October'),
(241, '2024-04-16', 2024, 'Q2', 'April'),
(242, '2022-08-10', 2022, 'Q3', 'August'),
(243, '2023-04-18', 2023, 'Q2', 'April'),
(244, '2022-04-05', 2022, 'Q2', 'April'),
(245, '2024-08-04', 2024, 'Q3', 'August'),
(246, '2023-01-27', 2023, 'Q1', 'January'),
(247, '2024-11-14', 2024, 'Q4', 'November'),
(248, '2023-09-04', 2023, 'Q3', 'September'),
(249, '2023-07-16', 2023, 'Q3', 'July'),
(250, '2023-01-20', 2023, 'Q1', 'January'),
(251, '2024-02-04', 2024, 'Q1', 'February'),
(252, '2024-05-25', 2024, 'Q2', 'May'),
(253, '2022-03-30', 2022, 'Q1', 'March'),
(254, '2023-01-03', 2023, 'Q1', 'January'),
(255, '2023-10-28', 2023, 'Q4', 'October'),
(256, '2023-05-15', 2023, 'Q2', 'May'),
(257, '2022-05-05', 2022, 'Q2', 'May'),
(258, '2022-09-28', 2022, 'Q3', 'September'),
(259, '2024-09-04', 2024, 'Q3', 'September'),
(260, '2022-01-05', 2022, 'Q1', 'January'),
(261, '2024-05-14', 2024, 'Q2', 'May'),
(262, '2024-02-08', 2024, 'Q1', 'February'),
(263, '2023-05-16', 2023, 'Q2', 'May'),
(264, '2023-01-26', 2023, 'Q1', 'January'),
(265, '2024-06-03', 2024, 'Q2', 'June'),
(266, '2024-01-28', 2024, 'Q1', 'January'),
(267, '2023-08-06', 2023, 'Q3', 'August'),
(268, '2023-10-22', 2023, 'Q4', 'October'),
(269, '2022-08-26', 2022, 'Q3', 'August'),
(270, '2023-12-25', 2023, 'Q4', 'December'),
(271, '2024-12-29', 2024, 'Q4', 'December'),
(272, '2024-11-10', 2024, 'Q4', 'November'),
(273, '2023-08-15', 2023, 'Q3', 'August'),
(274, '2022-12-18', 2022, 'Q4', 'December'),
(275, '2022-04-03', 2022, 'Q2', 'April'),
(276, '2024-05-21', 2024, 'Q2', 'May'),
(277, '2024-09-19', 2024, 'Q3', 'September'),
(278, '2023-09-12', 2023, 'Q3', 'September'),
(279, '2022-01-06', 2022, 'Q1', 'January'),
(280, '2023-03-24', 2023, 'Q1', 'March'),
(281, '2022-12-15', 2022, 'Q4', 'December'),
(282, '2022-09-21', 2022, 'Q3', 'September'),
(283, '2024-05-31', 2024, 'Q2', 'May'),
(284, '2024-03-02', 2024, 'Q1', 'March'),
(285, '2022-03-19', 2022, 'Q1', 'March'),
(286, '2022-09-04', 2022, 'Q3', 'September'),
(287, '2023-12-10', 2023, 'Q4', 'December'),
(288, '2023-06-22', 2023, 'Q2', 'June'),
(289, '2022-05-19', 2022, 'Q2', 'May'),
(290, '2022-10-29', 2022, 'Q4', 'October'),
(291, '2023-11-07', 2023, 'Q4', 'November'),
(292, '2024-01-14', 2024, 'Q1', 'January'),
(293, '2024-10-27', 2024, 'Q4', 'October'),
(294, '2024-08-27', 2024, 'Q3', 'August'),
(295, '2022-05-31', 2022, 'Q2', 'May'),
(296, '2022-11-03', 2022, 'Q4', 'November'),
(297, '2023-03-09', 2023, 'Q1', 'March'),
(298, '2022-11-06', 2022, 'Q4', 'November'),
(299, '2022-08-08', 2022, 'Q3', 'August'),
(300, '2024-08-02', 2024, 'Q3', 'August'),
(301, '2023-02-16', 2023, 'Q1', 'February'),
(302, '2024-09-22', 2024, 'Q3', 'September'),
(303, '2022-06-03', 2022, 'Q2', 'June'),
(304, '2023-06-26', 2023, 'Q2', 'June'),
(305, '2023-06-08', 2023, 'Q2', 'June'),
(306, '2022-02-22', 2022, 'Q1', 'February'),
(307, '2023-12-08', 2023, 'Q4', 'December'),
(308, '2022-12-12', 2022, 'Q4', 'December'),
(309, '2022-07-20', 2022, 'Q3', 'July'),
(310, '2023-10-05', 2023, 'Q4', 'October'),
(311, '2024-05-05', 2024, 'Q2', 'May'),
(312, '2022-04-08', 2022, 'Q2', 'April'),
(313, '2024-07-14', 2024, 'Q3', 'July'),
(314, '2022-10-16', 2022, 'Q4', 'October'),
(315, '2023-05-11', 2023, 'Q2', 'May'),
(316, '2023-03-13', 2023, 'Q1', 'March'),
(317, '2024-02-02', 2024, 'Q1', 'February'),
(318, '2024-04-27', 2024, 'Q2', 'April'),
(319, '2022-03-14', 2022, 'Q1', 'March'),
(320, '2022-04-29', 2022, 'Q2', 'April'),
(321, '2022-10-01', 2022, 'Q4', 'October'),
(322, '2024-07-31', 2024, 'Q3', 'July'),
(323, '2022-12-04', 2022, 'Q4', 'December'),
(324, '2023-01-25', 2023, 'Q1', 'January'),
(325, '2023-02-20', 2023, 'Q1', 'February'),
(326, '2024-02-14', 2024, 'Q1', 'February'),
(327, '2022-11-23', 2022, 'Q4', 'November'),
(328, '2022-12-08', 2022, 'Q4', 'December'),
(329, '2022-06-09', 2022, 'Q2', 'June'),
(330, '2023-06-19', 2023, 'Q2', 'June'),
(331, '2024-03-07', 2024, 'Q1', 'March'),
(332, '2023-12-22', 2023, 'Q4', 'December'),
(333, '2023-11-25', 2023, 'Q4', 'November'),
(334, '2023-07-31', 2023, 'Q3', 'July'),
(335, '2023-08-10', 2023, 'Q3', 'August'),
(336, '2022-09-08', 2022, 'Q3', 'September'),
(337, '2024-06-06', 2024, 'Q2', 'June'),
(338, '2024-09-06', 2024, 'Q3', 'September'),
(339, '2023-12-02', 2023, 'Q4', 'December'),
(340, '2022-01-20', 2022, 'Q1', 'January'),
(341, '2023-04-16', 2023, 'Q2', 'April'),
(342, '2023-12-18', 2023, 'Q4', 'December'),
(343, '2023-04-22', 2023, 'Q2', 'April'),
(344, '2022-09-10', 2022, 'Q3', 'September'),
(345, '2024-01-27', 2024, 'Q1', 'January'),
(346, '2024-04-12', 2024, 'Q2', 'April'),
(347, '2022-11-10', 2022, 'Q4', 'November'),
(348, '2023-05-05', 2023, 'Q2', 'May'),
(349, '2023-10-09', 2023, 'Q4', 'October'),
(350, '2024-08-05', 2024, 'Q3', 'August'),
(351, '2022-05-03', 2022, 'Q2', 'May'),
(352, '2022-08-02', 2022, 'Q3', 'August'),
(353, '2022-08-11', 2022, 'Q3', 'August'),
(354, '2022-04-27', 2022, 'Q2', 'April'),
(355, '2022-03-27', 2022, 'Q1', 'March'),
(356, '2022-01-29', 2022, 'Q1', 'January'),
(357, '2024-01-09', 2024, 'Q1', 'January'),
(358, '2023-05-14', 2023, 'Q2', 'May'),
(359, '2023-08-01', 2023, 'Q3', 'August'),
(360, '2024-02-25', 2024, 'Q1', 'February'),
(361, '2023-05-18', 2023, 'Q2', 'May'),
(362, '2022-05-18', 2022, 'Q2', 'May'),
(363, '2023-11-15', 2023, 'Q4', 'November'),
(364, '2022-02-12', 2022, 'Q1', 'February'),
(365, '2022-08-29', 2022, 'Q3', 'August'),
(366, '2022-05-28', 2022, 'Q2', 'May'),
(367, '2023-05-29', 2023, 'Q2', 'May'),
(368, '2023-10-10', 2023, 'Q4', 'October'),
(369, '2024-07-28', 2024, 'Q3', 'July'),
(370, '2022-07-23', 2022, 'Q3', 'July'),
(371, '2022-01-11', 2022, 'Q1', 'January'),
(372, '2023-09-11', 2023, 'Q3', 'September'),
(373, '2022-07-07', 2022, 'Q3', 'July'),
(374, '2024-05-18', 2024, 'Q2', 'May'),
(375, '2023-12-14', 2023, 'Q4', 'December'),
(376, '2024-01-06', 2024, 'Q1', 'January'),
(377, '2023-06-05', 2023, 'Q2', 'June'),
(378, '2023-03-11', 2023, 'Q1', 'March'),
(379, '2024-10-25', 2024, 'Q4', 'October'),
(380, '2024-10-06', 2024, 'Q4', 'October'),
(381, '2024-11-29', 2024, 'Q4', 'November'),
(382, '2023-09-14', 2023, 'Q3', 'September'),
(383, '2022-10-28', 2022, 'Q4', 'October'),
(384, '2024-12-17', 2024, 'Q4', 'December'),
(385, '2022-03-04', 2022, 'Q1', 'March'),
(386, '2022-10-10', 2022, 'Q4', 'October'),
(387, '2022-09-14', 2022, 'Q3', 'September'),
(388, '2023-12-13', 2023, 'Q4', 'December'),
(389, '2024-10-13', 2024, 'Q4', 'October'),
(390, '2024-12-12', 2024, 'Q4', 'December'),
(391, '2024-07-27', 2024, 'Q3', 'July'),
(392, '2024-04-19', 2024, 'Q2', 'April'),
(393, '2023-06-12', 2023, 'Q2', 'June'),
(394, '2024-11-02', 2024, 'Q4', 'November'),
(395, '2024-08-09', 2024, 'Q3', 'August'),
(396, '2023-11-20', 2023, 'Q4', 'November'),
(397, '2022-07-04', 2022, 'Q3', 'July'),
(398, '2022-08-17', 2022, 'Q3', 'August'),
(399, '2024-04-17', 2024, 'Q2', 'April'),
(400, '2022-04-28', 2022, 'Q2', 'April'),
(401, '2024-01-23', 2024, 'Q1', 'January'),
(402, '2024-10-04', 2024, 'Q4', 'October'),
(403, '2024-06-05', 2024, 'Q2', 'June'),
(404, '2023-09-29', 2023, 'Q3', 'September'),
(405, '2022-06-24', 2022, 'Q2', 'June'),
(406, '2024-08-31', 2024, 'Q3', 'August'),
(407, '2022-02-16', 2022, 'Q1', 'February'),
(408, '2022-01-26', 2022, 'Q1', 'January'),
(409, '2022-02-03', 2022, 'Q1', 'February'),
(410, '2024-04-30', 2024, 'Q2', 'April'),
(411, '2024-07-18', 2024, 'Q3', 'July'),
(412, '2023-09-09', 2023, 'Q3', 'September'),
(413, '2022-06-23', 2022, 'Q2', 'June'),
(414, '2022-10-15', 2022, 'Q4', 'October'),
(415, '2024-11-18', 2024, 'Q4', 'November'),
(416, '2023-09-16', 2023, 'Q3', 'September'),
(417, '2024-08-13', 2024, 'Q3', 'August'),
(418, '2023-12-01', 2023, 'Q4', 'December'),
(419, '2023-10-26', 2023, 'Q4', 'October'),
(420, '2022-06-22', 2022, 'Q2', 'June'),
(421, '2022-05-26', 2022, 'Q2', 'May'),
(422, '2022-11-21', 2022, 'Q4', 'November'),
(423, '2024-08-03', 2024, 'Q3', 'August'),
(424, '2023-10-08', 2023, 'Q4', 'October'),
(425, '2023-10-07', 2023, 'Q4', 'October'),
(426, '2022-08-03', 2022, 'Q3', 'August'),
(427, '2023-06-28', 2023, 'Q2', 'June'),
(428, '2024-09-27', 2024, 'Q3', 'September'),
(429, '2023-11-24', 2023, 'Q4', 'November'),
(430, '2022-08-28', 2022, 'Q3', 'August'),
(431, '2022-09-06', 2022, 'Q3', 'September'),
(432, '2024-10-20', 2024, 'Q4', 'October'),
(433, '2023-06-27', 2023, 'Q2', 'June'),
(434, '2024-02-18', 2024, 'Q1', 'February'),
(435, '2024-04-18', 2024, 'Q2', 'April'),
(436, '2024-02-23', 2024, 'Q1', 'February'),
(437, '2024-08-06', 2024, 'Q3', 'August'),
(438, '2022-09-11', 2022, 'Q3', 'September'),
(439, '2022-07-18', 2022, 'Q3', 'July'),
(440, '2022-12-29', 2022, 'Q4', 'December'),
(441, '2022-05-08', 2022, 'Q2', 'May'),
(442, '2024-06-10', 2024, 'Q2', 'June'),
(443, '2024-11-11', 2024, 'Q4', 'November'),
(444, '2024-12-18', 2024, 'Q4', 'December'),
(445, '2022-04-25', 2022, 'Q2', 'April'),
(446, '2023-07-21', 2023, 'Q3', 'July'),
(447, '2024-09-10', 2024, 'Q3', 'September'),
(448, '2024-06-25', 2024, 'Q2', 'June'),
(449, '2024-01-24', 2024, 'Q1', 'January'),
(450, '2022-02-05', 2022, 'Q1', 'February'),
(451, '2022-07-26', 2022, 'Q3', 'July'),
(452, '2024-01-03', 2024, 'Q1', 'January'),
(453, '2023-05-22', 2023, 'Q2', 'May'),
(454, '2022-10-05', 2022, 'Q4', 'October'),
(455, '2023-06-04', 2023, 'Q2', 'June'),
(456, '2024-09-16', 2024, 'Q3', 'September'),
(457, '2023-03-04', 2023, 'Q1', 'March'),
(458, '2022-07-01', 2022, 'Q3', 'July'),
(459, '2022-01-23', 2022, 'Q1', 'January'),
(460, '2022-02-11', 2022, 'Q1', 'February'),
(461, '2024-12-14', 2024, 'Q4', 'December'),
(462, '2022-04-24', 2022, 'Q2', 'April'),
(463, '2024-09-09', 2024, 'Q3', 'September'),
(464, '2022-08-16', 2022, 'Q3', 'August'),
(465, '2022-03-20', 2022, 'Q1', 'March'),
(466, '2022-10-04', 2022, 'Q4', 'October'),
(467, '2023-02-18', 2023, 'Q1', 'February'),
(468, '2023-04-23', 2023, 'Q2', 'April'),
(469, '2022-01-21', 2022, 'Q1', 'January'),
(470, '2022-05-20', 2022, 'Q2', 'May'),
(471, '2024-12-20', 2024, 'Q4', 'December'),
(472, '2024-05-06', 2024, 'Q2', 'May'),
(473, '2023-12-20', 2023, 'Q4', 'December'),
(474, '2024-08-26', 2024, 'Q3', 'August'),
(475, '2022-03-26', 2022, 'Q1', 'March'),
(476, '2024-10-18', 2024, 'Q4', 'October'),
(477, '2024-07-01', 2024, 'Q3', 'July'),
(478, '2024-12-03', 2024, 'Q4', 'December'),
(479, '2024-09-13', 2024, 'Q3', 'September'),
(480, '2024-06-20', 2024, 'Q2', 'June'),
(481, '2024-12-24', 2024, 'Q4', 'December'),
(482, '2022-05-09', 2022, 'Q2', 'May'),
(483, '2023-09-08', 2023, 'Q3', 'September'),
(484, '2023-12-31', 2023, 'Q4', 'December'),
(485, '2022-07-06', 2022, 'Q3', 'July'),
(486, '2023-07-10', 2023, 'Q3', 'July'),
(487, '2024-05-22', 2024, 'Q2', 'May'),
(488, '2022-02-04', 2022, 'Q1', 'February'),
(489, '2022-05-14', 2022, 'Q2', 'May'),
(490, '2024-04-01', 2024, 'Q2', 'April'),
(491, '2022-07-29', 2022, 'Q3', 'July'),
(492, '2024-01-08', 2024, 'Q1', 'January'),
(493, '2023-04-04', 2023, 'Q2', 'April'),
(494, '2022-01-02', 2022, 'Q1', 'January'),
(495, '2024-03-10', 2024, 'Q1', 'March'),
(496, '2024-12-08', 2024, 'Q4', 'December'),
(497, '2024-08-30', 2024, 'Q3', 'August'),
(498, '2023-12-17', 2023, 'Q4', 'December'),
(499, '2022-05-17', 2022, 'Q2', 'May'),
(500, '2024-12-31', 2024, 'Q4', 'December'),
(501, '2024-11-07', 2024, 'Q4', 'November'),
(502, '2023-11-28', 2023, 'Q4', 'November'),
(503, '2023-11-04', 2023, 'Q4', 'November'),
(504, '2023-05-09', 2023, 'Q2', 'May'),
(505, '2024-09-29', 2024, 'Q3', 'September'),
(506, '2023-11-22', 2023, 'Q4', 'November'),
(507, '2024-01-31', 2024, 'Q1', 'January'),
(508, '2024-03-29', 2024, 'Q1', 'March'),
(509, '2023-01-06', 2023, 'Q1', 'January'),
(510, '2022-04-12', 2022, 'Q2', 'April'),
(511, '2022-02-07', 2022, 'Q1', 'February'),
(512, '2023-06-02', 2023, 'Q2', 'June'),
(513, '2024-03-23', 2024, 'Q1', 'March'),
(514, '2024-04-20', 2024, 'Q2', 'April'),
(515, '2022-01-27', 2022, 'Q1', 'January'),
(516, '2023-05-06', 2023, 'Q2', 'May'),
(517, '2024-03-15', 2024, 'Q1', 'March'),
(518, '2023-02-15', 2023, 'Q1', 'February'),
(519, '2023-05-20', 2023, 'Q2', 'May'),
(520, '2023-10-27', 2023, 'Q4', 'October'),
(521, '2022-12-28', 2022, 'Q4', 'December'),
(522, '2024-06-12', 2024, 'Q2', 'June'),
(523, '2023-06-18', 2023, 'Q2', 'June'),
(524, '2022-08-27', 2022, 'Q3', 'August'),
(525, '2024-07-22', 2024, 'Q3', 'July'),
(526, '2024-09-24', 2024, 'Q3', 'September'),
(527, '2023-04-19', 2023, 'Q2', 'April'),
(528, '2023-09-05', 2023, 'Q3', 'September'),
(529, '2024-04-08', 2024, 'Q2', 'April'),
(530, '2023-04-09', 2023, 'Q2', 'April'),
(531, '2022-04-14', 2022, 'Q2', 'April'),
(532, '2022-04-11', 2022, 'Q2', 'April'),
(533, '2023-04-28', 2023, 'Q2', 'April'),
(534, '2022-04-10', 2022, 'Q2', 'April'),
(535, '2024-03-21', 2024, 'Q1', 'March'),
(536, '2023-03-23', 2023, 'Q1', 'March'),
(537, '2023-03-07', 2023, 'Q1', 'March'),
(538, '2024-10-10', 2024, 'Q4', 'October'),
(539, '2024-09-23', 2024, 'Q3', 'September'),
(540, '2024-12-19', 2024, 'Q4', 'December'),
(541, '2024-04-25', 2024, 'Q2', 'April'),
(542, '2023-02-11', 2023, 'Q1', 'February'),
(543, '2023-05-12', 2023, 'Q2', 'May'),
(544, '2023-06-06', 2023, 'Q2', 'June'),
(545, '2023-10-02', 2023, 'Q4', 'October'),
(546, '2023-05-30', 2023, 'Q2', 'May'),
(547, '2023-03-21', 2023, 'Q1', 'March'),
(548, '2022-12-19', 2022, 'Q4', 'December'),
(549, '2023-05-21', 2023, 'Q2', 'May'),
(550, '2023-09-01', 2023, 'Q3', 'September'),
(551, '2022-10-12', 2022, 'Q4', 'October'),
(552, '2022-02-14', 2022, 'Q1', 'February'),
(553, '2023-03-01', 2023, 'Q1', 'March'),
(554, '2022-03-22', 2022, 'Q1', 'March'),
(555, '2022-04-17', 2022, 'Q2', 'April'),
(556, '2023-12-12', 2023, 'Q4', 'December'),
(557, '2022-04-19', 2022, 'Q2', 'April'),
(558, '2022-04-21', 2022, 'Q2', 'April'),
(559, '2022-05-29', 2022, 'Q2', 'May'),
(560, '2023-08-11', 2023, 'Q3', 'August'),
(561, '2024-07-13', 2024, 'Q3', 'July'),
(562, '2022-02-17', 2022, 'Q1', 'February'),
(563, '2023-02-02', 2023, 'Q1', 'February'),
(564, '2023-01-15', 2023, 'Q1', 'January'),
(565, '2024-06-22', 2024, 'Q2', 'June'),
(566, '2023-09-06', 2023, 'Q3', 'September'),
(567, '2022-06-15', 2022, 'Q2', 'June'),
(568, '2022-05-04', 2022, 'Q2', 'May'),
(569, '2023-08-18', 2023, 'Q3', 'August'),
(570, '2022-03-09', 2022, 'Q1', 'March'),
(571, '2024-06-04', 2024, 'Q2', 'June'),
(572, '2023-02-08', 2023, 'Q1', 'February'),
(573, '2023-03-15', 2023, 'Q1', 'March'),
(574, '2022-01-01', 2022, 'Q1', 'January'),
(575, '2023-01-02', 2023, 'Q1', 'January'),
(576, '2023-12-15', 2023, 'Q4', 'December'),
(577, '2023-04-12', 2023, 'Q2', 'April'),
(578, '2023-08-31', 2023, 'Q3', 'August'),
(579, '2024-08-17', 2024, 'Q3', 'August'),
(580, '2023-11-12', 2023, 'Q4', 'November'),
(581, '2023-10-21', 2023, 'Q4', 'October'),
(582, '2024-01-17', 2024, 'Q1', 'January'),
(583, '2023-03-12', 2023, 'Q1', 'March'),
(584, '2024-09-26', 2024, 'Q3', 'September'),
(585, '2022-09-24', 2022, 'Q3', 'September'),
(586, '2023-11-08', 2023, 'Q4', 'November'),
(587, '2022-09-29', 2022, 'Q3', 'September'),
(588, '2023-01-16', 2023, 'Q1', 'January'),
(589, '2024-02-19', 2024, 'Q1', 'February'),
(590, '2023-02-21', 2023, 'Q1', 'February'),
(591, '2024-04-24', 2024, 'Q2', 'April'),
(592, '2024-10-07', 2024, 'Q4', 'October'),
(593, '2022-12-06', 2022, 'Q4', 'December'),
(594, '2023-11-01', 2023, 'Q4', 'November'),
(595, '2024-11-06', 2024, 'Q4', 'November'),
(596, '2023-02-03', 2023, 'Q1', 'February'),
(597, '2023-01-31', 2023, 'Q1', 'January'),
(598, '2024-09-20', 2024, 'Q3', 'September'),
(599, '2022-08-30', 2022, 'Q3', 'August'),
(600, '2022-07-02', 2022, 'Q3', 'July'),
(601, '2023-04-29', 2023, 'Q2', 'April'),
(602, '2024-11-22', 2024, 'Q4', 'November'),
(603, '2022-12-21', 2022, 'Q4', 'December'),
(604, '2024-08-10', 2024, 'Q3', 'August'),
(605, '2024-12-05', 2024, 'Q4', 'December'),
(606, '2022-10-11', 2022, 'Q4', 'October'),
(607, '2022-11-22', 2022, 'Q4', 'November'),
(608, '2024-01-01', 2024, 'Q1', 'January'),
(609, '2024-11-27', 2024, 'Q4', 'November'),
(610, '2024-08-08', 2024, 'Q3', 'August'),
(611, '2024-12-15', 2024, 'Q4', 'December'),
(612, '2022-05-13', 2022, 'Q2', 'May'),
(613, '2024-02-15', 2024, 'Q1', 'February'),
(614, '2024-05-28', 2024, 'Q2', 'May'),
(615, '2023-01-04', 2023, 'Q1', 'January'),
(616, '2022-02-21', 2022, 'Q1', 'February'),
(617, '2023-06-01', 2023, 'Q2', 'June'),
(618, '2023-10-13', 2023, 'Q4', 'October'),
(619, '2024-01-29', 2024, 'Q1', 'January'),
(620, '2023-03-06', 2023, 'Q1', 'March'),
(621, '2024-07-05', 2024, 'Q3', 'July'),
(622, '2022-11-04', 2022, 'Q4', 'November'),
(623, '2024-07-11', 2024, 'Q3', 'July'),
(624, '2023-09-19', 2023, 'Q3', 'September'),
(625, '2022-06-29', 2022, 'Q2', 'June'),
(626, '2023-02-27', 2023, 'Q1', 'February'),
(627, '2023-05-31', 2023, 'Q2', 'May'),
(628, '2024-08-28', 2024, 'Q3', 'August'),
(629, '2024-03-25', 2024, 'Q1', 'March'),
(630, '2024-03-19', 2024, 'Q1', 'March'),
(631, '2024-09-08', 2024, 'Q3', 'September'),
(632, '2022-03-03', 2022, 'Q1', 'March'),
(633, '2022-10-26', 2022, 'Q4', 'October'),
(634, '2024-07-10', 2024, 'Q3', 'July'),
(635, '2023-06-21', 2023, 'Q2', 'June'),
(636, '2024-05-16', 2024, 'Q2', 'May'),
(637, '2023-10-24', 2023, 'Q4', 'October'),
(638, '2023-05-01', 2023, 'Q2', 'May'),
(639, '2022-08-06', 2022, 'Q3', 'August'),
(640, '2024-01-05', 2024, 'Q1', 'January'),
(641, '2022-05-27', 2022, 'Q2', 'May'),
(642, '2022-10-20', 2022, 'Q4', 'October'),
(643, '2023-01-13', 2023, 'Q1', 'January'),
(644, '2024-07-25', 2024, 'Q3', 'July'),
(645, '2022-05-23', 2022, 'Q2', 'May'),
(646, '2022-01-14', 2022, 'Q1', 'January'),
(647, '2022-11-29', 2022, 'Q4', 'November'),
(648, '2024-03-05', 2024, 'Q1', 'March'),
(649, '2023-06-11', 2023, 'Q2', 'June'),
(650, '2024-11-17', 2024, 'Q4', 'November'),
(651, '2023-09-21', 2023, 'Q3', 'September');

-- --------------------------------------------------------

--
-- Table structure for table `dim_treatment`
--

CREATE TABLE `dim_treatment` (
  `Treatment_ID` int(11) NOT NULL,
  `Treatment_Type` varchar(50) DEFAULT NULL
) ENGINE=InnoDB DEFAULT CHARSET=latin1;

--
-- Dumping data for table `dim_treatment`
--

INSERT INTO `dim_treatment` (`Treatment_ID`, `Treatment_Type`) VALUES
(5, 'Combined Therapy'),
(3, 'Counseling'),
(1, 'Medication'),
(2, 'Psychotherapy'),
(4, 'Rehabilitation');

-- --------------------------------------------------------

--
-- Table structure for table `fact_mental_health_visit`
--

CREATE TABLE `fact_mental_health_visit` (
  `Visit_ID` int(11) NOT NULL,
  `Patient_ID` varchar(10) DEFAULT NULL,
  `Time_ID` int(11) DEFAULT NULL,
  `District_ID` int(11) DEFAULT NULL,
  `Condition_ID` int(11) DEFAULT NULL,
  `Treatment_ID` int(11) DEFAULT NULL,
  `Severity_Level` varchar(20) DEFAULT NULL,
  `Outcome` varchar(20) DEFAULT NULL,
  `Visit_Count` int(11) DEFAULT '1'
) ENGINE=InnoDB DEFAULT CHARSET=latin1;

--
-- Dumping data for table `fact_mental_health_visit`
--

INSERT INTO `fact_mental_health_visit` (`Visit_ID`, `Patient_ID`, `Time_ID`, `District_ID`, `Condition_ID`, `Treatment_ID`, `Severity_Level`, `Outcome`, `Visit_Count`) VALUES
(1, 'PAT00001', 1, 1, 1, 1, 'Severe', 'Improved', 1),
(2, 'PAT00002', 2, 2, 2, 2, 'Moderate', 'Stable', 1),
(3, 'PAT00003', 3, 3, 2, 3, 'Severe', 'Stable', 1),
(4, 'PAT00004', 4, 4, 3, 2, 'Moderate', 'Improved', 1),
(5, 'PAT00005', 5, 5, 4, 1, 'Moderate', 'Stable', 1),
(6, 'PAT00006', 6, 2, 1, 1, 'Severe', 'Deteriorated', 1),
(7, 'PAT00007', 7, 6, 5, 4, 'Severe', 'Improved', 1),
(8, 'PAT00008', 8, 7, 1, 4, 'Moderate', 'Improved', 1),
(9, 'PAT00009', 9, 5, 3, 5, 'Mild', 'Improved', 1),
(10, 'PAT00010', 10, 8, 1, 3, 'Moderate', 'Stable', 1),
(11, 'PAT00011', 11, 5, 5, 4, 'Severe', 'Improved', 1),
(12, 'PAT00012', 12, 4, 3, 1, 'Severe', 'Improved', 1),
(13, 'PAT00013', 3, 8, 6, 3, 'Moderate', 'Improved', 1),
(14, 'PAT00014', 13, 9, 3, 1, 'Moderate', 'Improved', 1),
(15, 'PAT00015', 14, 7, 3, 1, 'Mild', 'Stable', 1),
(16, 'PAT00016', 15, 9, 3, 1, 'Mild', 'Improved', 1),
(17, 'PAT00017', 16, 7, 5, 5, 'Mild', 'Improved', 1),
(18, 'PAT00018', 17, 1, 6, 1, 'Moderate', 'Deteriorated', 1),
(19, 'PAT00019', 18, 8, 5, 4, 'Severe', 'Improved', 1),
(20, 'PAT00020', 19, 5, 5, 1, 'Severe', 'Improved', 1),
(21, 'PAT00021', 20, 3, 3, 1, 'Mild', 'Improved', 1),
(22, 'PAT00022', 21, 7, 4, 5, 'Moderate', 'Improved', 1),
(23, 'PAT00023', 22, 8, 5, 3, 'Severe', 'Stable', 1),
(24, 'PAT00024', 23, 7, 3, 5, 'Severe', 'Improved', 1),
(25, 'PAT00025', 24, 9, 1, 2, 'Mild', 'Stable', 1),
(26, 'PAT00026', 12, 1, 6, 3, 'Mild', 'Improved', 1),
(27, 'PAT00027', 25, 10, 4, 1, 'Moderate', 'Improved', 1),
(28, 'PAT00028', 26, 7, 4, 1, 'Mild', 'Deteriorated', 1),
(29, 'PAT00029', 27, 7, 3, 5, 'Mild', 'Improved', 1),
(30, 'PAT00030', 28, 5, 3, 1, 'Moderate', 'Improved', 1),
(31, 'PAT00031', 29, 8, 1, 3, 'Mild', 'Stable', 1),
(32, 'PAT00032', 30, 5, 2, 4, 'Mild', 'Deteriorated', 1),
(33, 'PAT00033', 31, 9, 5, 1, 'Mild', 'Stable', 1),
(34, 'PAT00034', 32, 10, 4, 4, 'Severe', 'Stable', 1),
(35, 'PAT00035', 33, 1, 1, 3, 'Mild', 'Improved', 1),
(36, 'PAT00036', 34, 1, 3, 2, 'Mild', 'Stable', 1),
(37, 'PAT00037', 35, 8, 3, 3, 'Mild', 'Improved', 1),
(38, 'PAT00038', 36, 3, 4, 3, 'Mild', 'Stable', 1),
(39, 'PAT00039', 37, 3, 2, 1, 'Severe', 'Stable', 1),
(40, 'PAT00040', 38, 3, 2, 2, 'Mild', 'Improved', 1),
(41, 'PAT00041', 39, 8, 2, 3, 'Mild', 'Improved', 1),
(42, 'PAT00042', 40, 2, 6, 1, 'Mild', 'Stable', 1),
(43, 'PAT00043', 41, 9, 6, 3, 'Mild', 'Deteriorated', 1),
(44, 'PAT00044', 42, 6, 1, 4, 'Moderate', 'Improved', 1),
(45, 'PAT00045', 43, 9, 1, 4, 'Mild', 'Stable', 1),
(46, 'PAT00046', 44, 3, 6, 2, 'Mild', 'Improved', 1),
(47, 'PAT00047', 45, 10, 1, 3, 'Severe', 'Stable', 1),
(48, 'PAT00048', 46, 10, 6, 1, 'Moderate', 'Stable', 1),
(49, 'PAT00049', 47, 5, 5, 3, 'Moderate', 'Improved', 1),
(50, 'PAT00050', 48, 5, 2, 4, 'Mild', 'Improved', 1),
(51, 'PAT00051', 49, 10, 6, 3, 'Moderate', 'Improved', 1),
(52, 'PAT00052', 50, 10, 4, 1, 'Mild', 'Improved', 1),
(53, 'PAT00053', 51, 8, 2, 4, 'Severe', 'Improved', 1),
(54, 'PAT00054', 52, 5, 5, 3, 'Mild', 'Improved', 1),
(55, 'PAT00055', 53, 10, 6, 5, 'Moderate', 'Stable', 1),
(56, 'PAT00056', 54, 10, 4, 1, 'Mild', 'Improved', 1),
(57, 'PAT00057', 55, 4, 6, 4, 'Severe', 'Stable', 1),
(58, 'PAT00058', 19, 6, 3, 2, 'Moderate', 'Stable', 1),
(59, 'PAT00059', 56, 3, 4, 2, 'Severe', 'Improved', 1),
(60, 'PAT00060', 46, 2, 5, 5, 'Mild', 'Improved', 1),
(61, 'PAT00061', 57, 10, 3, 3, 'Severe', 'Deteriorated', 1),
(62, 'PAT00062', 58, 2, 5, 5, 'Mild', 'Improved', 1),
(63, 'PAT00063', 59, 5, 4, 2, 'Mild', 'Deteriorated', 1),
(64, 'PAT00064', 60, 8, 3, 3, 'Moderate', 'Improved', 1),
(65, 'PAT00065', 61, 10, 6, 1, 'Mild', 'Improved', 1),
(66, 'PAT00066', 62, 9, 1, 3, 'Moderate', 'Improved', 1),
(67, 'PAT00067', 63, 1, 1, 5, 'Moderate', 'Improved', 1),
(68, 'PAT00068', 64, 9, 1, 5, 'Mild', 'Improved', 1),
(69, 'PAT00069', 65, 3, 4, 1, 'Severe', 'Improved', 1),
(70, 'PAT00070', 66, 10, 1, 3, 'Mild', 'Stable', 1),
(71, 'PAT00071', 67, 4, 1, 5, 'Severe', 'Stable', 1),
(72, 'PAT00072', 68, 7, 1, 3, 'Mild', 'Improved', 1),
(73, 'PAT00073', 69, 9, 6, 2, 'Mild', 'Improved', 1),
(74, 'PAT00074', 70, 6, 3, 4, 'Severe', 'Improved', 1),
(75, 'PAT00075', 71, 8, 5, 4, 'Mild', 'Improved', 1),
(76, 'PAT00076', 72, 3, 1, 1, 'Severe', 'Improved', 1),
(77, 'PAT00077', 73, 7, 4, 4, 'Severe', 'Improved', 1),
(78, 'PAT00078', 74, 3, 5, 5, 'Severe', 'Improved', 1),
(79, 'PAT00079', 75, 3, 5, 3, 'Mild', 'Improved', 1),
(80, 'PAT00080', 76, 5, 1, 3, 'Severe', 'Improved', 1),
(81, 'PAT00081', 77, 10, 3, 1, 'Moderate', 'Stable', 1),
(82, 'PAT00082', 78, 8, 3, 5, 'Mild', 'Improved', 1),
(83, 'PAT00083', 79, 10, 2, 4, 'Moderate', 'Improved', 1),
(84, 'PAT00084', 80, 3, 6, 4, 'Severe', 'Improved', 1),
(85, 'PAT00085', 81, 4, 3, 2, 'Moderate', 'Stable', 1),
(86, 'PAT00086', 82, 8, 3, 4, 'Mild', 'Stable', 1),
(87, 'PAT00087', 14, 10, 5, 4, 'Moderate', 'Deteriorated', 1),
(88, 'PAT00088', 83, 7, 2, 1, 'Severe', 'Improved', 1),
(89, 'PAT00089', 84, 4, 4, 4, 'Moderate', 'Improved', 1),
(90, 'PAT00090', 85, 4, 5, 1, 'Moderate', 'Improved', 1),
(91, 'PAT00091', 86, 4, 2, 4, 'Moderate', 'Deteriorated', 1),
(92, 'PAT00092', 87, 4, 3, 3, 'Mild', 'Improved', 1),
(93, 'PAT00093', 88, 8, 6, 2, 'Mild', 'Deteriorated', 1),
(94, 'PAT00094', 89, 6, 2, 4, 'Moderate', 'Improved', 1),
(95, 'PAT00095', 90, 7, 2, 2, 'Severe', 'Deteriorated', 1),
(96, 'PAT00096', 91, 1, 4, 5, 'Mild', 'Improved', 1),
(97, 'PAT00097', 92, 10, 4, 4, 'Severe', 'Deteriorated', 1),
(98, 'PAT00098', 93, 8, 3, 2, 'Mild', 'Stable', 1),
(99, 'PAT00099', 94, 5, 6, 5, 'Moderate', 'Deteriorated', 1),
(100, 'PAT00100', 95, 4, 1, 5, 'Moderate', 'Improved', 1),
(101, 'PAT00101', 96, 4, 1, 1, 'Mild', 'Improved', 1),
(102, 'PAT00102', 69, 4, 3, 1, 'Severe', 'Improved', 1),
(103, 'PAT00103', 97, 10, 2, 1, 'Moderate', 'Improved', 1),
(104, 'PAT00104', 98, 9, 6, 2, 'Severe', 'Deteriorated', 1),
(105, 'PAT00105', 99, 6, 3, 5, 'Mild', 'Improved', 1),
(106, 'PAT00106', 100, 10, 6, 5, 'Mild', 'Improved', 1),
(107, 'PAT00107', 101, 7, 3, 2, 'Mild', 'Deteriorated', 1),
(108, 'PAT00108', 102, 6, 3, 4, 'Moderate', 'Improved', 1),
(109, 'PAT00109', 103, 3, 3, 3, 'Severe', 'Stable', 1),
(110, 'PAT00110', 104, 4, 2, 4, 'Severe', 'Improved', 1),
(111, 'PAT00111', 105, 3, 2, 4, 'Moderate', 'Improved', 1),
(112, 'PAT00112', 14, 3, 4, 2, 'Severe', 'Deteriorated', 1),
(113, 'PAT00113', 69, 1, 2, 2, 'Moderate', 'Improved', 1),
(114, 'PAT00114', 106, 2, 1, 1, 'Moderate', 'Stable', 1),
(115, 'PAT00115', 107, 10, 4, 2, 'Moderate', 'Improved', 1),
(116, 'PAT00116', 108, 5, 3, 1, 'Moderate', 'Improved', 1),
(117, 'PAT00117', 109, 4, 5, 2, 'Severe', 'Deteriorated', 1),
(118, 'PAT00118', 110, 6, 4, 1, 'Moderate', 'Improved', 1),
(119, 'PAT00119', 111, 6, 6, 5, 'Moderate', 'Improved', 1),
(120, 'PAT00120', 112, 4, 2, 2, 'Moderate', 'Improved', 1),
(121, 'PAT00121', 43, 10, 3, 1, 'Mild', 'Improved', 1),
(122, 'PAT00122', 113, 2, 3, 1, 'Moderate', 'Improved', 1),
(123, 'PAT00123', 114, 5, 2, 4, 'Mild', 'Stable', 1),
(124, 'PAT00124', 115, 6, 5, 2, 'Moderate', 'Improved', 1),
(125, 'PAT00125', 56, 9, 4, 1, 'Mild', 'Deteriorated', 1),
(126, 'PAT00126', 116, 3, 5, 2, 'Moderate', 'Deteriorated', 1),
(127, 'PAT00127', 117, 5, 5, 5, 'Moderate', 'Deteriorated', 1),
(128, 'PAT00128', 118, 4, 2, 2, 'Severe', 'Improved', 1),
(129, 'PAT00129', 119, 2, 2, 3, 'Mild', 'Improved', 1),
(130, 'PAT00130', 120, 6, 4, 2, 'Mild', 'Improved', 1),
(131, 'PAT00131', 121, 5, 1, 5, 'Mild', 'Improved', 1),
(132, 'PAT00132', 122, 7, 3, 2, 'Mild', 'Improved', 1),
(133, 'PAT00133', 57, 4, 3, 5, 'Mild', 'Improved', 1),
(134, 'PAT00134', 118, 10, 5, 3, 'Moderate', 'Improved', 1),
(135, 'PAT00135', 123, 9, 6, 4, 'Mild', 'Stable', 1),
(136, 'PAT00136', 124, 2, 3, 3, 'Moderate', 'Deteriorated', 1),
(137, 'PAT00137', 125, 1, 2, 2, 'Mild', 'Stable', 1),
(138, 'PAT00138', 126, 4, 2, 3, 'Moderate', 'Improved', 1),
(139, 'PAT00139', 127, 8, 4, 4, 'Mild', 'Improved', 1),
(140, 'PAT00140', 128, 9, 3, 2, 'Severe', 'Improved', 1),
(141, 'PAT00141', 129, 10, 4, 2, 'Severe', 'Deteriorated', 1),
(142, 'PAT00142', 130, 3, 6, 1, 'Mild', 'Stable', 1),
(143, 'PAT00143', 131, 6, 1, 3, 'Mild', 'Improved', 1),
(144, 'PAT00144', 132, 10, 1, 5, 'Mild', 'Improved', 1),
(145, 'PAT00145', 133, 10, 5, 4, 'Moderate', 'Stable', 1),
(146, 'PAT00146', 49, 8, 1, 5, 'Severe', 'Improved', 1),
(147, 'PAT00147', 134, 8, 1, 5, 'Moderate', 'Deteriorated', 1),
(148, 'PAT00148', 135, 8, 5, 4, 'Moderate', 'Deteriorated', 1),
(149, 'PAT00149', 136, 6, 3, 5, 'Mild', 'Improved', 1),
(150, 'PAT00150', 48, 6, 5, 2, 'Moderate', 'Improved', 1),
(151, 'PAT00151', 137, 3, 2, 2, 'Severe', 'Deteriorated', 1),
(152, 'PAT00152', 138, 2, 1, 4, 'Severe', 'Improved', 1),
(153, 'PAT00153', 139, 8, 1, 1, 'Severe', 'Stable', 1),
(154, 'PAT00154', 140, 4, 6, 5, 'Severe', 'Deteriorated', 1),
(155, 'PAT00155', 141, 9, 2, 2, 'Mild', 'Stable', 1),
(156, 'PAT00156', 142, 2, 5, 3, 'Mild', 'Improved', 1),
(157, 'PAT00157', 143, 4, 3, 1, 'Mild', 'Improved', 1),
(158, 'PAT00158', 144, 10, 2, 5, 'Moderate', 'Improved', 1),
(159, 'PAT00159', 145, 1, 1, 1, 'Mild', 'Improved', 1),
(160, 'PAT00160', 146, 9, 4, 3, 'Mild', 'Improved', 1),
(161, 'PAT00161', 147, 5, 5, 1, 'Moderate', 'Improved', 1),
(162, 'PAT00162', 148, 8, 6, 4, 'Moderate', 'Improved', 1),
(163, 'PAT00163', 149, 7, 6, 2, 'Severe', 'Stable', 1),
(164, 'PAT00164', 150, 10, 1, 3, 'Moderate', 'Stable', 1),
(165, 'PAT00165', 151, 6, 2, 5, 'Mild', 'Improved', 1),
(166, 'PAT00166', 152, 5, 5, 1, 'Mild', 'Improved', 1),
(167, 'PAT00167', 153, 4, 5, 3, 'Severe', 'Improved', 1),
(168, 'PAT00168', 17, 2, 5, 1, 'Severe', 'Improved', 1),
(169, 'PAT00169', 154, 10, 2, 5, 'Mild', 'Improved', 1),
(170, 'PAT00170', 155, 9, 6, 4, 'Mild', 'Improved', 1),
(171, 'PAT00171', 156, 9, 1, 1, 'Mild', 'Improved', 1),
(172, 'PAT00172', 157, 10, 3, 4, 'Mild', 'Improved', 1),
(173, 'PAT00173', 27, 5, 3, 2, 'Severe', 'Improved', 1),
(174, 'PAT00174', 158, 4, 4, 4, 'Moderate', 'Improved', 1),
(175, 'PAT00175', 159, 6, 1, 3, 'Severe', 'Improved', 1),
(176, 'PAT00176', 160, 1, 3, 1, 'Moderate', 'Improved', 1),
(177, 'PAT00177', 161, 9, 1, 5, 'Severe', 'Stable', 1),
(178, 'PAT00178', 101, 8, 6, 2, 'Moderate', 'Stable', 1),
(179, 'PAT00179', 162, 9, 1, 4, 'Moderate', 'Improved', 1),
(180, 'PAT00180', 163, 3, 2, 5, 'Mild', 'Improved', 1),
(181, 'PAT00181', 164, 6, 2, 2, 'Severe', 'Stable', 1),
(182, 'PAT00182', 165, 6, 5, 4, 'Mild', 'Deteriorated', 1),
(183, 'PAT00183', 166, 2, 2, 3, 'Mild', 'Improved', 1),
(184, 'PAT00184', 167, 6, 2, 3, 'Severe', 'Improved', 1),
(185, 'PAT00185', 168, 4, 4, 5, 'Severe', 'Improved', 1),
(186, 'PAT00186', 169, 2, 4, 1, 'Mild', 'Deteriorated', 1),
(187, 'PAT00187', 170, 9, 4, 1, 'Severe', 'Improved', 1),
(188, 'PAT00188', 171, 1, 1, 3, 'Severe', 'Improved', 1),
(189, 'PAT00189', 172, 6, 1, 2, 'Moderate', 'Stable', 1),
(190, 'PAT00190', 173, 3, 4, 2, 'Moderate', 'Stable', 1),
(191, 'PAT00191', 174, 4, 6, 3, 'Moderate', 'Stable', 1),
(192, 'PAT00192', 175, 4, 6, 2, 'Moderate', 'Stable', 1),
(193, 'PAT00193', 176, 4, 5, 4, 'Severe', 'Improved', 1),
(194, 'PAT00194', 177, 5, 6, 5, 'Mild', 'Improved', 1),
(195, 'PAT00195', 178, 6, 4, 3, 'Mild', 'Deteriorated', 1),
(196, 'PAT00196', 179, 5, 6, 3, 'Moderate', 'Improved', 1),
(197, 'PAT00197', 180, 2, 3, 2, 'Mild', 'Improved', 1),
(198, 'PAT00198', 181, 10, 5, 3, 'Severe', 'Improved', 1),
(199, 'PAT00199', 182, 5, 4, 5, 'Mild', 'Improved', 1),
(200, 'PAT00200', 183, 2, 5, 1, 'Mild', 'Stable', 1),
(201, 'PAT00201', 64, 1, 4, 5, 'Moderate', 'Improved', 1),
(202, 'PAT00202', 184, 9, 6, 2, 'Moderate', 'Deteriorated', 1),
(203, 'PAT00203', 21, 10, 5, 1, 'Moderate', 'Improved', 1),
(204, 'PAT00204', 185, 2, 6, 1, 'Moderate', 'Improved', 1),
(205, 'PAT00205', 186, 4, 2, 5, 'Moderate', 'Improved', 1),
(206, 'PAT00206', 187, 1, 1, 5, 'Mild', 'Improved', 1),
(207, 'PAT00207', 188, 7, 4, 2, 'Moderate', 'Improved', 1),
(208, 'PAT00208', 189, 5, 4, 3, 'Moderate', 'Improved', 1),
(209, 'PAT00209', 190, 1, 6, 1, 'Severe', 'Deteriorated', 1),
(210, 'PAT00210', 191, 2, 2, 2, 'Severe', 'Improved', 1),
(211, 'PAT00211', 192, 10, 3, 1, 'Moderate', 'Improved', 1),
(212, 'PAT00212', 193, 8, 2, 1, 'Severe', 'Deteriorated', 1),
(213, 'PAT00213', 19, 1, 3, 4, 'Moderate', 'Improved', 1),
(214, 'PAT00214', 194, 10, 3, 4, 'Moderate', 'Improved', 1),
(215, 'PAT00215', 195, 8, 4, 4, 'Moderate', 'Improved', 1),
(216, 'PAT00216', 196, 2, 6, 4, 'Mild', 'Improved', 1),
(217, 'PAT00217', 65, 6, 3, 3, 'Moderate', 'Improved', 1),
(218, 'PAT00218', 197, 6, 6, 4, 'Mild', 'Improved', 1),
(219, 'PAT00219', 198, 2, 3, 2, 'Moderate', 'Deteriorated', 1),
(220, 'PAT00220', 199, 6, 2, 2, 'Moderate', 'Improved', 1),
(221, 'PAT00221', 200, 3, 2, 3, 'Mild', 'Deteriorated', 1),
(222, 'PAT00222', 201, 10, 2, 3, 'Mild', 'Improved', 1),
(223, 'PAT00223', 202, 3, 4, 4, 'Severe', 'Stable', 1),
(224, 'PAT00224', 203, 4, 5, 3, 'Mild', 'Deteriorated', 1),
(225, 'PAT00225', 204, 6, 6, 2, 'Severe', 'Improved', 1),
(226, 'PAT00226', 205, 5, 5, 4, 'Mild', 'Improved', 1),
(227, 'PAT00227', 206, 5, 6, 4, 'Severe', 'Deteriorated', 1),
(228, 'PAT00228', 207, 4, 3, 1, 'Mild', 'Improved', 1),
(229, 'PAT00229', 173, 7, 4, 5, 'Mild', 'Improved', 1),
(230, 'PAT00230', 208, 4, 5, 4, 'Mild', 'Stable', 1),
(231, 'PAT00231', 209, 4, 2, 2, 'Mild', 'Improved', 1),
(232, 'PAT00232', 210, 5, 3, 2, 'Mild', 'Deteriorated', 1),
(233, 'PAT00233', 211, 9, 6, 5, 'Moderate', 'Improved', 1),
(234, 'PAT00234', 212, 2, 2, 3, 'Mild', 'Improved', 1),
(235, 'PAT00235', 213, 3, 2, 2, 'Severe', 'Improved', 1),
(236, 'PAT00236', 214, 5, 3, 1, 'Mild', 'Stable', 1),
(237, 'PAT00237', 215, 4, 4, 1, 'Severe', 'Improved', 1),
(238, 'PAT00238', 216, 8, 2, 2, 'Moderate', 'Improved', 1),
(239, 'PAT00239', 217, 1, 3, 4, 'Severe', 'Stable', 1),
(240, 'PAT00240', 218, 9, 3, 2, 'Moderate', 'Improved', 1),
(241, 'PAT00241', 219, 8, 6, 3, 'Mild', 'Stable', 1),
(242, 'PAT00242', 220, 10, 4, 2, 'Mild', 'Improved', 1),
(243, 'PAT00243', 10, 1, 4, 4, 'Severe', 'Improved', 1),
(244, 'PAT00244', 221, 5, 4, 3, 'Severe', 'Stable', 1),
(245, 'PAT00245', 222, 10, 6, 3, 'Moderate', 'Deteriorated', 1),
(246, 'PAT00246', 223, 1, 4, 4, 'Mild', 'Deteriorated', 1),
(247, 'PAT00247', 224, 1, 5, 1, 'Moderate', 'Stable', 1),
(248, 'PAT00248', 13, 7, 3, 5, 'Mild', 'Improved', 1),
(249, 'PAT00249', 127, 9, 1, 1, 'Severe', 'Stable', 1),
(250, 'PAT00250', 225, 9, 3, 1, 'Mild', 'Improved', 1),
(251, 'PAT00251', 226, 5, 6, 1, 'Mild', 'Improved', 1),
(252, 'PAT00252', 227, 7, 3, 3, 'Severe', 'Stable', 1),
(253, 'PAT00253', 228, 9, 5, 1, 'Moderate', 'Stable', 1),
(254, 'PAT00254', 229, 1, 3, 2, 'Mild', 'Improved', 1),
(255, 'PAT00255', 230, 5, 4, 2, 'Severe', 'Deteriorated', 1),
(256, 'PAT00256', 231, 10, 1, 1, 'Mild', 'Stable', 1),
(257, 'PAT00257', 232, 5, 5, 4, 'Moderate', 'Improved', 1),
(258, 'PAT00258', 233, 2, 1, 1, 'Severe', 'Improved', 1),
(259, 'PAT00259', 234, 3, 4, 3, 'Mild', 'Improved', 1),
(260, 'PAT00260', 235, 5, 2, 2, 'Moderate', 'Improved', 1),
(261, 'PAT00261', 236, 2, 3, 1, 'Mild', 'Deteriorated', 1),
(262, 'PAT00262', 237, 4, 4, 1, 'Mild', 'Deteriorated', 1),
(263, 'PAT00263', 238, 8, 5, 5, 'Mild', 'Improved', 1),
(264, 'PAT00264', 239, 5, 3, 1, 'Severe', 'Improved', 1),
(265, 'PAT00265', 240, 3, 6, 3, 'Severe', 'Improved', 1),
(266, 'PAT00266', 241, 7, 4, 5, 'Severe', 'Deteriorated', 1),
(267, 'PAT00267', 242, 9, 6, 5, 'Mild', 'Improved', 1),
(268, 'PAT00268', 139, 3, 4, 3, 'Moderate', 'Stable', 1),
(269, 'PAT00269', 158, 10, 3, 3, 'Severe', 'Stable', 1),
(270, 'PAT00270', 243, 1, 2, 3, 'Mild', 'Stable', 1),
(271, 'PAT00271', 83, 3, 1, 1, 'Severe', 'Improved', 1),
(272, 'PAT00272', 244, 4, 5, 3, 'Mild', 'Improved', 1),
(273, 'PAT00273', 245, 9, 4, 5, 'Severe', 'Improved', 1),
(274, 'PAT00274', 148, 6, 4, 2, 'Severe', 'Deteriorated', 1),
(275, 'PAT00275', 18, 4, 5, 3, 'Severe', 'Improved', 1),
(276, 'PAT00276', 246, 8, 3, 1, 'Mild', 'Improved', 1),
(277, 'PAT00277', 247, 9, 6, 3, 'Severe', 'Stable', 1),
(278, 'PAT00278', 248, 8, 5, 3, 'Mild', 'Deteriorated', 1),
(279, 'PAT00279', 249, 9, 4, 2, 'Moderate', 'Improved', 1),
(280, 'PAT00280', 250, 3, 4, 3, 'Moderate', 'Improved', 1),
(281, 'PAT00281', 251, 5, 3, 2, 'Mild', 'Deteriorated', 1),
(282, 'PAT00282', 252, 6, 4, 4, 'Moderate', 'Deteriorated', 1),
(283, 'PAT00283', 192, 8, 4, 3, 'Mild', 'Stable', 1),
(284, 'PAT00284', 253, 2, 5, 2, 'Moderate', 'Improved', 1),
(285, 'PAT00285', 254, 3, 5, 5, 'Mild', 'Deteriorated', 1),
(286, 'PAT00286', 255, 7, 2, 3, 'Mild', 'Stable', 1),
(287, 'PAT00287', 256, 9, 6, 2, 'Mild', 'Improved', 1),
(288, 'PAT00288', 257, 10, 2, 5, 'Severe', 'Improved', 1),
(289, 'PAT00289', 258, 1, 2, 3, 'Severe', 'Deteriorated', 1),
(290, 'PAT00290', 259, 10, 3, 1, 'Mild', 'Stable', 1),
(291, 'PAT00291', 260, 5, 6, 4, 'Mild', 'Improved', 1),
(292, 'PAT00292', 261, 2, 1, 3, 'Mild', 'Improved', 1),
(293, 'PAT00293', 262, 3, 4, 4, 'Mild', 'Improved', 1),
(294, 'PAT00294', 263, 4, 1, 3, 'Severe', 'Stable', 1),
(295, 'PAT00295', 264, 4, 1, 4, 'Mild', 'Improved', 1),
(296, 'PAT00296', 89, 9, 2, 1, 'Mild', 'Deteriorated', 1),
(297, 'PAT00297', 37, 10, 5, 2, 'Moderate', 'Stable', 1),
(298, 'PAT00298', 265, 8, 2, 4, 'Mild', 'Stable', 1),
(299, 'PAT00299', 266, 6, 2, 2, 'Moderate', 'Improved', 1),
(300, 'PAT00300', 267, 10, 4, 3, 'Moderate', 'Stable', 1),
(301, 'PAT00301', 268, 9, 2, 2, 'Moderate', 'Improved', 1),
(302, 'PAT00302', 269, 4, 6, 3, 'Moderate', 'Improved', 1),
(303, 'PAT00303', 270, 3, 1, 4, 'Mild', 'Improved', 1),
(304, 'PAT00304', 271, 4, 1, 3, 'Moderate', 'Deteriorated', 1),
(305, 'PAT00305', 272, 3, 5, 2, 'Moderate', 'Improved', 1),
(306, 'PAT00306', 46, 3, 5, 4, 'Moderate', 'Improved', 1),
(307, 'PAT00307', 79, 2, 3, 5, 'Moderate', 'Stable', 1),
(308, 'PAT00308', 273, 9, 5, 3, 'Moderate', 'Stable', 1),
(309, 'PAT00309', 274, 10, 1, 4, 'Severe', 'Improved', 1),
(310, 'PAT00310', 106, 2, 6, 5, 'Moderate', 'Improved', 1),
(311, 'PAT00311', 101, 2, 2, 1, 'Severe', 'Deteriorated', 1),
(312, 'PAT00312', 275, 7, 3, 2, 'Mild', 'Improved', 1),
(313, 'PAT00313', 276, 8, 6, 2, 'Moderate', 'Improved', 1),
(314, 'PAT00314', 277, 4, 5, 1, 'Severe', 'Deteriorated', 1),
(315, 'PAT00315', 104, 4, 3, 1, 'Severe', 'Stable', 1),
(316, 'PAT00316', 146, 7, 2, 5, 'Moderate', 'Stable', 1),
(317, 'PAT00317', 278, 5, 4, 4, 'Moderate', 'Improved', 1),
(318, 'PAT00318', 279, 4, 3, 2, 'Mild', 'Improved', 1),
(319, 'PAT00319', 280, 9, 6, 5, 'Mild', 'Improved', 1),
(320, 'PAT00320', 281, 10, 6, 1, 'Severe', 'Improved', 1),
(321, 'PAT00321', 282, 2, 3, 3, 'Severe', 'Improved', 1),
(322, 'PAT00322', 283, 5, 2, 2, 'Moderate', 'Stable', 1),
(323, 'PAT00323', 284, 3, 5, 3, 'Moderate', 'Improved', 1),
(324, 'PAT00324', 285, 7, 5, 2, 'Mild', 'Stable', 1),
(325, 'PAT00325', 286, 9, 6, 3, 'Mild', 'Improved', 1),
(326, 'PAT00326', 113, 5, 6, 1, 'Moderate', 'Stable', 1),
(327, 'PAT00327', 287, 1, 2, 3, 'Severe', 'Improved', 1),
(328, 'PAT00328', 287, 7, 4, 2, 'Mild', 'Stable', 1),
(329, 'PAT00329', 288, 2, 5, 1, 'Severe', 'Improved', 1),
(330, 'PAT00330', 289, 2, 4, 5, 'Mild', 'Deteriorated', 1),
(331, 'PAT00331', 290, 6, 6, 2, 'Moderate', 'Improved', 1),
(332, 'PAT00332', 291, 3, 5, 4, 'Moderate', 'Stable', 1),
(333, 'PAT00333', 292, 3, 5, 4, 'Mild', 'Stable', 1),
(334, 'PAT00334', 293, 8, 5, 1, 'Severe', 'Deteriorated', 1),
(335, 'PAT00335', 294, 6, 3, 2, 'Moderate', 'Improved', 1),
(336, 'PAT00336', 295, 6, 2, 2, 'Severe', 'Stable', 1),
(337, 'PAT00337', 296, 6, 6, 4, 'Mild', 'Improved', 1),
(338, 'PAT00338', 297, 4, 3, 1, 'Severe', 'Improved', 1),
(339, 'PAT00339', 298, 5, 6, 5, 'Severe', 'Deteriorated', 1),
(340, 'PAT00340', 299, 3, 2, 3, 'Mild', 'Improved', 1),
(341, 'PAT00341', 300, 6, 4, 1, 'Mild', 'Stable', 1),
(342, 'PAT00342', 301, 1, 5, 2, 'Mild', 'Improved', 1),
(343, 'PAT00343', 287, 9, 1, 4, 'Severe', 'Improved', 1),
(344, 'PAT00344', 302, 5, 6, 1, 'Mild', 'Improved', 1),
(345, 'PAT00345', 303, 5, 5, 2, 'Severe', 'Stable', 1),
(346, 'PAT00346', 304, 4, 6, 1, 'Severe', 'Improved', 1),
(347, 'PAT00347', 305, 10, 5, 1, 'Severe', 'Deteriorated', 1),
(348, 'PAT00348', 306, 5, 5, 4, 'Severe', 'Deteriorated', 1),
(349, 'PAT00349', 181, 9, 3, 3, 'Severe', 'Stable', 1),
(350, 'PAT00350', 307, 6, 5, 1, 'Mild', 'Improved', 1),
(351, 'PAT00351', 47, 5, 4, 3, 'Moderate', 'Stable', 1),
(352, 'PAT00352', 128, 10, 1, 5, 'Mild', 'Deteriorated', 1),
(353, 'PAT00353', 308, 7, 5, 4, 'Severe', 'Improved', 1),
(354, 'PAT00354', 309, 1, 3, 4, 'Mild', 'Improved', 1),
(355, 'PAT00355', 25, 7, 2, 3, 'Severe', 'Stable', 1),
(356, 'PAT00356', 310, 10, 4, 2, 'Mild', 'Stable', 1),
(357, 'PAT00357', 108, 3, 6, 5, 'Severe', 'Stable', 1),
(358, 'PAT00358', 311, 8, 4, 2, 'Severe', 'Improved', 1),
(359, 'PAT00359', 312, 4, 5, 1, 'Mild', 'Improved', 1),
(360, 'PAT00360', 250, 7, 1, 1, 'Mild', 'Improved', 1),
(361, 'PAT00361', 45, 10, 6, 1, 'Severe', 'Improved', 1),
(362, 'PAT00362', 313, 10, 4, 1, 'Moderate', 'Improved', 1),
(363, 'PAT00363', 314, 7, 3, 3, 'Moderate', 'Improved', 1),
(364, 'PAT00364', 314, 4, 3, 3, 'Severe', 'Deteriorated', 1),
(365, 'PAT00365', 315, 3, 5, 5, 'Mild', 'Improved', 1),
(366, 'PAT00366', 193, 1, 5, 2, 'Mild', 'Improved', 1),
(367, 'PAT00367', 316, 1, 5, 3, 'Moderate', 'Improved', 1),
(368, 'PAT00368', 317, 4, 1, 4, 'Moderate', 'Deteriorated', 1),
(369, 'PAT00369', 318, 9, 5, 2, 'Moderate', 'Improved', 1),
(370, 'PAT00370', 319, 4, 3, 1, 'Severe', 'Improved', 1),
(371, 'PAT00371', 320, 5, 5, 3, 'Moderate', 'Deteriorated', 1),
(372, 'PAT00372', 321, 1, 4, 5, 'Severe', 'Stable', 1),
(373, 'PAT00373', 322, 2, 4, 3, 'Mild', 'Improved', 1),
(374, 'PAT00374', 323, 6, 1, 4, 'Moderate', 'Deteriorated', 1),
(375, 'PAT00375', 324, 2, 3, 3, 'Moderate', 'Improved', 1),
(376, 'PAT00376', 325, 1, 2, 4, 'Severe', 'Improved', 1),
(377, 'PAT00377', 326, 9, 6, 4, 'Mild', 'Improved', 1),
(378, 'PAT00378', 327, 9, 1, 2, 'Mild', 'Stable', 1),
(379, 'PAT00379', 328, 6, 4, 1, 'Moderate', 'Stable', 1),
(380, 'PAT00380', 329, 4, 1, 5, 'Severe', 'Stable', 1),
(381, 'PAT00381', 330, 9, 4, 4, 'Severe', 'Improved', 1),
(382, 'PAT00382', 273, 8, 4, 5, 'Moderate', 'Improved', 1),
(383, 'PAT00383', 331, 5, 6, 5, 'Mild', 'Improved', 1),
(384, 'PAT00384', 265, 7, 4, 5, 'Mild', 'Improved', 1),
(385, 'PAT00385', 332, 8, 1, 3, 'Severe', 'Improved', 1),
(386, 'PAT00386', 333, 7, 4, 4, 'Severe', 'Improved', 1),
(387, 'PAT00387', 334, 3, 5, 1, 'Mild', 'Stable', 1),
(388, 'PAT00388', 335, 7, 1, 1, 'Moderate', 'Stable', 1),
(389, 'PAT00389', 336, 1, 1, 2, 'Severe', 'Stable', 1),
(390, 'PAT00390', 141, 3, 6, 1, 'Moderate', 'Improved', 1),
(391, 'PAT00391', 252, 7, 3, 1, 'Moderate', 'Improved', 1),
(392, 'PAT00392', 155, 9, 2, 3, 'Mild', 'Improved', 1),
(393, 'PAT00393', 337, 1, 2, 2, 'Severe', 'Improved', 1),
(394, 'PAT00394', 338, 2, 3, 2, 'Mild', 'Improved', 1),
(395, 'PAT00395', 339, 2, 2, 4, 'Severe', 'Improved', 1),
(396, 'PAT00396', 340, 4, 6, 2, 'Severe', 'Stable', 1),
(397, 'PAT00397', 341, 5, 4, 2, 'Moderate', 'Improved', 1),
(398, 'PAT00398', 342, 1, 6, 5, 'Moderate', 'Improved', 1),
(399, 'PAT00399', 343, 4, 2, 4, 'Mild', 'Improved', 1),
(400, 'PAT00400', 344, 5, 3, 1, 'Mild', 'Stable', 1),
(401, 'PAT00401', 345, 8, 1, 3, 'Moderate', 'Improved', 1),
(402, 'PAT00402', 346, 5, 2, 1, 'Mild', 'Improved', 1),
(403, 'PAT00403', 270, 10, 6, 1, 'Moderate', 'Improved', 1),
(404, 'PAT00404', 320, 5, 6, 2, 'Severe', 'Improved', 1),
(405, 'PAT00405', 347, 6, 5, 4, 'Severe', 'Stable', 1),
(406, 'PAT00406', 202, 9, 6, 2, 'Mild', 'Improved', 1),
(407, 'PAT00407', 130, 2, 6, 1, 'Mild', 'Improved', 1),
(408, 'PAT00408', 348, 2, 6, 2, 'Mild', 'Improved', 1),
(409, 'PAT00409', 74, 4, 3, 1, 'Mild', 'Improved', 1),
(410, 'PAT00410', 349, 1, 2, 2, 'Severe', 'Improved', 1),
(411, 'PAT00411', 350, 6, 5, 1, 'Severe', 'Improved', 1),
(412, 'PAT00412', 351, 3, 5, 3, 'Severe', 'Stable', 1),
(413, 'PAT00413', 352, 6, 2, 1, 'Mild', 'Deteriorated', 1),
(414, 'PAT00414', 353, 7, 3, 5, 'Mild', 'Improved', 1),
(415, 'PAT00415', 347, 10, 4, 1, 'Mild', 'Improved', 1),
(416, 'PAT00416', 354, 2, 6, 1, 'Severe', 'Improved', 1),
(417, 'PAT00417', 355, 4, 5, 1, 'Moderate', 'Improved', 1),
(418, 'PAT00418', 286, 8, 5, 4, 'Mild', 'Improved', 1),
(419, 'PAT00419', 209, 4, 6, 4, 'Severe', 'Improved', 1),
(420, 'PAT00420', 356, 1, 2, 5, 'Moderate', 'Stable', 1),
(421, 'PAT00421', 357, 9, 1, 1, 'Severe', 'Deteriorated', 1),
(422, 'PAT00422', 358, 5, 6, 5, 'Moderate', 'Improved', 1),
(423, 'PAT00423', 33, 4, 3, 4, 'Mild', 'Improved', 1),
(424, 'PAT00424', 359, 5, 3, 2, 'Mild', 'Improved', 1),
(425, 'PAT00425', 360, 8, 1, 5, 'Moderate', 'Stable', 1),
(426, 'PAT00426', 64, 3, 4, 5, 'Severe', 'Improved', 1),
(427, 'PAT00427', 361, 9, 1, 2, 'Moderate', 'Improved', 1),
(428, 'PAT00428', 236, 4, 1, 5, 'Severe', 'Improved', 1),
(429, 'PAT00429', 173, 1, 5, 4, 'Moderate', 'Stable', 1),
(430, 'PAT00430', 362, 9, 2, 5, 'Moderate', 'Improved', 1),
(431, 'PAT00431', 309, 5, 5, 5, 'Mild', 'Improved', 1),
(432, 'PAT00432', 110, 10, 2, 1, 'Moderate', 'Deteriorated', 1),
(433, 'PAT00433', 172, 5, 4, 5, 'Moderate', 'Stable', 1),
(434, 'PAT00434', 73, 4, 6, 2, 'Mild', 'Improved', 1),
(435, 'PAT00435', 256, 3, 1, 2, 'Mild', 'Improved', 1),
(436, 'PAT00436', 363, 8, 6, 4, 'Moderate', 'Improved', 1),
(437, 'PAT00437', 171, 7, 6, 5, 'Mild', 'Stable', 1),
(438, 'PAT00438', 364, 7, 4, 4, 'Moderate', 'Stable', 1),
(439, 'PAT00439', 365, 2, 2, 1, 'Mild', 'Improved', 1),
(440, 'PAT00440', 107, 5, 3, 2, 'Mild', 'Stable', 1),
(441, 'PAT00441', 366, 5, 6, 5, 'Moderate', 'Improved', 1),
(442, 'PAT00442', 367, 5, 4, 5, 'Severe', 'Improved', 1),
(443, 'PAT00443', 368, 10, 2, 3, 'Moderate', 'Improved', 1),
(444, 'PAT00444', 369, 6, 5, 2, 'Moderate', 'Stable', 1),
(445, 'PAT00445', 370, 7, 4, 1, 'Moderate', 'Improved', 1),
(446, 'PAT00446', 113, 4, 2, 4, 'Severe', 'Improved', 1),
(447, 'PAT00447', 371, 7, 6, 2, 'Moderate', 'Improved', 1),
(448, 'PAT00448', 372, 5, 4, 2, 'Severe', 'Improved', 1),
(449, 'PAT00449', 105, 6, 1, 3, 'Moderate', 'Stable', 1),
(450, 'PAT00450', 73, 7, 5, 2, 'Mild', 'Improved', 1),
(451, 'PAT00451', 373, 5, 2, 3, 'Mild', 'Improved', 1),
(452, 'PAT00452', 374, 1, 5, 4, 'Severe', 'Improved', 1),
(453, 'PAT00453', 375, 5, 4, 5, 'Mild', 'Improved', 1),
(454, 'PAT00454', 110, 1, 4, 5, 'Moderate', 'Improved', 1),
(455, 'PAT00455', 376, 7, 3, 4, 'Mild', 'Improved', 1),
(456, 'PAT00456', 360, 2, 1, 4, 'Mild', 'Improved', 1),
(457, 'PAT00457', 377, 7, 4, 2, 'Moderate', 'Improved', 1),
(458, 'PAT00458', 378, 4, 2, 5, 'Mild', 'Improved', 1),
(459, 'PAT00459', 379, 7, 1, 2, 'Severe', 'Improved', 1),
(460, 'PAT00460', 345, 1, 4, 2, 'Mild', 'Improved', 1),
(461, 'PAT00461', 22, 4, 3, 5, 'Severe', 'Deteriorated', 1),
(462, 'PAT00462', 123, 6, 4, 1, 'Mild', 'Deteriorated', 1),
(463, 'PAT00463', 380, 9, 4, 2, 'Mild', 'Improved', 1),
(464, 'PAT00464', 381, 6, 3, 5, 'Moderate', 'Stable', 1),
(465, 'PAT00465', 382, 3, 4, 5, 'Severe', 'Stable', 1),
(466, 'PAT00466', 8, 1, 2, 5, 'Severe', 'Improved', 1),
(467, 'PAT00467', 10, 1, 5, 2, 'Moderate', 'Stable', 1),
(468, 'PAT00468', 144, 7, 1, 4, 'Severe', 'Deteriorated', 1),
(469, 'PAT00469', 383, 10, 6, 1, 'Moderate', 'Deteriorated', 1),
(470, 'PAT00470', 384, 3, 1, 4, 'Moderate', 'Improved', 1),
(471, 'PAT00471', 385, 2, 5, 4, 'Mild', 'Improved', 1),
(472, 'PAT00472', 304, 6, 3, 3, 'Severe', 'Deteriorated', 1),
(473, 'PAT00473', 164, 9, 3, 5, 'Mild', 'Stable', 1),
(474, 'PAT00474', 386, 7, 2, 2, 'Mild', 'Stable', 1),
(475, 'PAT00475', 387, 6, 4, 5, 'Moderate', 'Improved', 1),
(476, 'PAT00476', 34, 6, 6, 5, 'Mild', 'Deteriorated', 1),
(477, 'PAT00477', 388, 8, 1, 4, 'Mild', 'Improved', 1),
(478, 'PAT00478', 389, 1, 4, 3, 'Mild', 'Improved', 1),
(479, 'PAT00479', 344, 9, 4, 2, 'Severe', 'Improved', 1),
(480, 'PAT00480', 12, 2, 3, 4, 'Moderate', 'Stable', 1),
(481, 'PAT00481', 224, 1, 5, 1, 'Mild', 'Improved', 1),
(482, 'PAT00482', 390, 10, 2, 3, 'Severe', 'Stable', 1),
(483, 'PAT00483', 391, 9, 3, 1, 'Severe', 'Stable', 1),
(484, 'PAT00484', 392, 4, 1, 2, 'Moderate', 'Deteriorated', 1),
(485, 'PAT00485', 393, 10, 3, 4, 'Severe', 'Improved', 1),
(486, 'PAT00486', 394, 2, 4, 3, 'Severe', 'Stable', 1),
(487, 'PAT00487', 395, 7, 1, 2, 'Mild', 'Stable', 1),
(488, 'PAT00488', 396, 10, 3, 2, 'Moderate', 'Improved', 1),
(489, 'PAT00489', 397, 2, 2, 1, 'Mild', 'Stable', 1),
(490, 'PAT00490', 398, 9, 4, 3, 'Mild', 'Deteriorated', 1),
(491, 'PAT00491', 399, 1, 2, 1, 'Mild', 'Deteriorated', 1),
(492, 'PAT00492', 400, 6, 4, 3, 'Severe', 'Improved', 1),
(493, 'PAT00493', 401, 1, 4, 5, 'Mild', 'Improved', 1),
(494, 'PAT00494', 46, 4, 4, 3, 'Moderate', 'Stable', 1),
(495, 'PAT00495', 335, 5, 3, 4, 'Moderate', 'Stable', 1),
(496, 'PAT00496', 381, 10, 6, 3, 'Moderate', 'Stable', 1),
(497, 'PAT00497', 397, 7, 2, 3, 'Mild', 'Improved', 1),
(498, 'PAT00498', 402, 6, 4, 5, 'Moderate', 'Improved', 1),
(499, 'PAT00499', 403, 4, 6, 5, 'Severe', 'Improved', 1),
(500, 'PAT00500', 305, 7, 3, 3, 'Mild', 'Improved', 1),
(501, 'PAT00501', 199, 4, 3, 1, 'Moderate', 'Improved', 1),
(502, 'PAT00502', 404, 1, 5, 4, 'Moderate', 'Improved', 1),
(503, 'PAT00503', 405, 1, 2, 1, 'Mild', 'Improved', 1),
(504, 'PAT00504', 402, 10, 1, 3, 'Moderate', 'Improved', 1),
(505, 'PAT00505', 368, 4, 4, 3, 'Moderate', 'Improved', 1),
(506, 'PAT00506', 406, 3, 4, 4, 'Severe', 'Deteriorated', 1),
(507, 'PAT00507', 117, 3, 3, 5, 'Severe', 'Improved', 1),
(508, 'PAT00508', 407, 8, 5, 4, 'Moderate', 'Improved', 1),
(509, 'PAT00509', 408, 6, 1, 4, 'Mild', 'Improved', 1),
(510, 'PAT00510', 409, 2, 1, 3, 'Mild', 'Improved', 1),
(511, 'PAT00511', 410, 3, 6, 2, 'Mild', 'Improved', 1),
(512, 'PAT00512', 411, 7, 6, 2, 'Mild', 'Improved', 1),
(513, 'PAT00513', 154, 8, 6, 3, 'Moderate', 'Stable', 1),
(514, 'PAT00514', 274, 4, 5, 3, 'Moderate', 'Improved', 1),
(515, 'PAT00515', 412, 1, 2, 5, 'Mild', 'Improved', 1),
(516, 'PAT00516', 324, 5, 4, 3, 'Mild', 'Stable', 1),
(517, 'PAT00517', 413, 5, 4, 1, 'Mild', 'Stable', 1),
(518, 'PAT00518', 103, 5, 1, 5, 'Severe', 'Stable', 1),
(519, 'PAT00519', 414, 7, 5, 5, 'Moderate', 'Improved', 1),
(520, 'PAT00520', 187, 5, 3, 3, 'Moderate', 'Stable', 1),
(521, 'PAT00521', 415, 10, 3, 4, 'Moderate', 'Improved', 1),
(522, 'PAT00522', 416, 8, 2, 1, 'Moderate', 'Improved', 1),
(523, 'PAT00523', 417, 10, 1, 2, 'Moderate', 'Improved', 1),
(524, 'PAT00524', 418, 7, 6, 3, 'Moderate', 'Improved', 1),
(525, 'PAT00525', 63, 6, 1, 3, 'Moderate', 'Improved', 1),
(526, 'PAT00526', 7, 5, 5, 3, 'Mild', 'Stable', 1),
(527, 'PAT00527', 419, 5, 4, 1, 'Moderate', 'Improved', 1),
(528, 'PAT00528', 221, 10, 2, 5, 'Severe', 'Improved', 1),
(529, 'PAT00529', 157, 3, 4, 1, 'Moderate', 'Stable', 1),
(530, 'PAT00530', 420, 3, 1, 1, 'Moderate', 'Stable', 1),
(531, 'PAT00531', 231, 3, 2, 1, 'Severe', 'Deteriorated', 1),
(532, 'PAT00532', 148, 7, 5, 5, 'Moderate', 'Deteriorated', 1),
(533, 'PAT00533', 326, 8, 1, 3, 'Mild', 'Improved', 1),
(534, 'PAT00534', 421, 8, 5, 5, 'Severe', 'Stable', 1),
(535, 'PAT00535', 422, 8, 4, 3, 'Moderate', 'Stable', 1),
(536, 'PAT00536', 423, 9, 4, 2, 'Moderate', 'Deteriorated', 1),
(537, 'PAT00537', 256, 9, 6, 1, 'Mild', 'Stable', 1),
(538, 'PAT00538', 114, 4, 4, 1, 'Mild', 'Improved', 1),
(539, 'PAT00539', 351, 8, 5, 4, 'Mild', 'Stable', 1),
(540, 'PAT00540', 424, 2, 5, 2, 'Mild', 'Improved', 1),
(541, 'PAT00541', 425, 9, 4, 5, 'Severe', 'Improved', 1),
(542, 'PAT00542', 426, 5, 6, 4, 'Mild', 'Improved', 1),
(543, 'PAT00543', 427, 9, 5, 2, 'Mild', 'Stable', 1),
(544, 'PAT00544', 264, 1, 4, 1, 'Severe', 'Improved', 1),
(545, 'PAT00545', 428, 2, 1, 2, 'Mild', 'Improved', 1),
(546, 'PAT00546', 116, 7, 6, 4, 'Moderate', 'Improved', 1),
(547, 'PAT00547', 429, 8, 3, 3, 'Severe', 'Improved', 1),
(548, 'PAT00548', 430, 10, 6, 4, 'Severe', 'Improved', 1),
(549, 'PAT00549', 431, 1, 6, 4, 'Mild', 'Improved', 1),
(550, 'PAT00550', 112, 7, 6, 2, 'Moderate', 'Improved', 1),
(551, 'PAT00551', 432, 10, 3, 5, 'Severe', 'Improved', 1),
(552, 'PAT00552', 102, 7, 5, 5, 'Mild', 'Improved', 1),
(553, 'PAT00553', 382, 2, 2, 5, 'Mild', 'Deteriorated', 1),
(554, 'PAT00554', 399, 4, 1, 4, 'Severe', 'Improved', 1),
(555, 'PAT00555', 433, 4, 6, 3, 'Moderate', 'Deteriorated', 1),
(556, 'PAT00556', 290, 3, 6, 5, 'Mild', 'Improved', 1),
(557, 'PAT00557', 433, 3, 1, 3, 'Severe', 'Improved', 1),
(558, 'PAT00558', 434, 6, 4, 3, 'Moderate', 'Improved', 1),
(559, 'PAT00559', 129, 6, 1, 1, 'Mild', 'Stable', 1),
(560, 'PAT00560', 60, 5, 1, 2, 'Mild', 'Improved', 1),
(561, 'PAT00561', 405, 9, 5, 2, 'Moderate', 'Improved', 1),
(562, 'PAT00562', 435, 10, 2, 5, 'Mild', 'Deteriorated', 1),
(563, 'PAT00563', 129, 7, 6, 2, 'Mild', 'Stable', 1),
(564, 'PAT00564', 436, 10, 1, 2, 'Moderate', 'Improved', 1),
(565, 'PAT00565', 437, 8, 6, 3, 'Mild', 'Stable', 1),
(566, 'PAT00566', 438, 2, 3, 4, 'Mild', 'Stable', 1),
(567, 'PAT00567', 439, 2, 3, 3, 'Moderate', 'Improved', 1),
(568, 'PAT00568', 280, 10, 5, 1, 'Mild', 'Stable', 1),
(569, 'PAT00569', 140, 2, 1, 2, 'Moderate', 'Improved', 1),
(570, 'PAT00570', 180, 10, 4, 4, 'Moderate', 'Improved', 1),
(571, 'PAT00571', 440, 3, 3, 5, 'Severe', 'Stable', 1),
(572, 'PAT00572', 441, 10, 4, 5, 'Moderate', 'Deteriorated', 1),
(573, 'PAT00573', 52, 1, 6, 5, 'Severe', 'Improved', 1),
(574, 'PAT00574', 442, 2, 6, 3, 'Moderate', 'Improved', 1),
(575, 'PAT00575', 443, 4, 3, 2, 'Moderate', 'Improved', 1),
(576, 'PAT00576', 444, 10, 3, 2, 'Severe', 'Improved', 1),
(577, 'PAT00577', 240, 8, 4, 4, 'Mild', 'Stable', 1),
(578, 'PAT00578', 445, 4, 1, 4, 'Moderate', 'Deteriorated', 1),
(579, 'PAT00579', 370, 3, 1, 1, 'Mild', 'Deteriorated', 1),
(580, 'PAT00580', 446, 2, 4, 1, 'Mild', 'Improved', 1),
(581, 'PAT00581', 392, 6, 5, 3, 'Moderate', 'Improved', 1),
(582, 'PAT00582', 447, 4, 4, 3, 'Severe', 'Improved', 1),
(583, 'PAT00583', 448, 5, 3, 3, 'Moderate', 'Deteriorated', 1),
(584, 'PAT00584', 242, 9, 2, 3, 'Moderate', 'Deteriorated', 1),
(585, 'PAT00585', 449, 7, 3, 1, 'Moderate', 'Improved', 1),
(586, 'PAT00586', 362, 2, 4, 5, 'Severe', 'Improved', 1),
(587, 'PAT00587', 450, 5, 2, 1, 'Moderate', 'Improved', 1),
(588, 'PAT00588', 42, 3, 1, 4, 'Moderate', 'Deteriorated', 1),
(589, 'PAT00589', 140, 4, 3, 4, 'Moderate', 'Deteriorated', 1),
(590, 'PAT00590', 451, 7, 4, 4, 'Moderate', 'Deteriorated', 1),
(591, 'PAT00591', 124, 5, 1, 3, 'Mild', 'Deteriorated', 1),
(592, 'PAT00592', 452, 10, 6, 1, 'Mild', 'Improved', 1),
(593, 'PAT00593', 453, 6, 2, 2, 'Moderate', 'Improved', 1),
(594, 'PAT00594', 454, 8, 5, 5, 'Mild', 'Improved', 1),
(595, 'PAT00595', 455, 4, 4, 5, 'Severe', 'Improved', 1),
(596, 'PAT00596', 456, 8, 1, 3, 'Mild', 'Improved', 1),
(597, 'PAT00597', 457, 2, 3, 1, 'Mild', 'Improved', 1),
(598, 'PAT00598', 458, 9, 6, 4, 'Moderate', 'Improved', 1),
(599, 'PAT00599', 344, 2, 3, 3, 'Mild', 'Improved', 1),
(600, 'PAT00600', 459, 10, 5, 2, 'Severe', 'Improved', 1),
(601, 'PAT00601', 460, 5, 1, 1, 'Mild', 'Improved', 1),
(602, 'PAT00602', 380, 8, 6, 1, 'Mild', 'Stable', 1),
(603, 'PAT00603', 386, 8, 1, 4, 'Mild', 'Stable', 1),
(604, 'PAT00604', 461, 3, 2, 3, 'Mild', 'Improved', 1),
(605, 'PAT00605', 147, 4, 2, 2, 'Severe', 'Improved', 1),
(606, 'PAT00606', 462, 6, 5, 2, 'Mild', 'Deteriorated', 1),
(607, 'PAT00607', 463, 6, 4, 1, 'Moderate', 'Improved', 1),
(608, 'PAT00608', 464, 8, 4, 2, 'Mild', 'Improved', 1),
(609, 'PAT00609', 465, 3, 5, 2, 'Mild', 'Improved', 1),
(610, 'PAT00610', 466, 4, 3, 5, 'Mild', 'Stable', 1),
(611, 'PAT00611', 467, 3, 2, 4, 'Severe', 'Improved', 1),
(612, 'PAT00612', 468, 7, 6, 5, 'Mild', 'Improved', 1),
(613, 'PAT00613', 469, 10, 5, 4, 'Mild', 'Stable', 1),
(614, 'PAT00614', 117, 10, 6, 4, 'Mild', 'Stable', 1),
(615, 'PAT00615', 470, 4, 1, 2, 'Moderate', 'Improved', 1),
(616, 'PAT00616', 471, 1, 2, 2, 'Mild', 'Improved', 1),
(617, 'PAT00617', 472, 7, 5, 4, 'Mild', 'Improved', 1),
(618, 'PAT00618', 37, 7, 6, 5, 'Mild', 'Improved', 1),
(619, 'PAT00619', 473, 2, 1, 4, 'Mild', 'Improved', 1),
(620, 'PAT00620', 474, 3, 1, 4, 'Mild', 'Improved', 1),
(621, 'PAT00621', 475, 8, 5, 5, 'Severe', 'Improved', 1),
(622, 'PAT00622', 476, 2, 1, 2, 'Severe', 'Improved', 1),
(623, 'PAT00623', 242, 4, 4, 4, 'Moderate', 'Improved', 1),
(624, 'PAT00624', 220, 5, 3, 2, 'Moderate', 'Stable', 1),
(625, 'PAT00625', 477, 6, 6, 4, 'Moderate', 'Improved', 1),
(626, 'PAT00626', 12, 6, 4, 3, 'Mild', 'Stable', 1),
(627, 'PAT00627', 478, 9, 2, 4, 'Severe', 'Improved', 1),
(628, 'PAT00628', 411, 8, 5, 3, 'Severe', 'Improved', 1),
(629, 'PAT00629', 479, 2, 4, 4, 'Severe', 'Improved', 1),
(630, 'PAT00630', 480, 10, 6, 3, 'Severe', 'Improved', 1),
(631, 'PAT00631', 481, 2, 2, 1, 'Mild', 'Improved', 1),
(632, 'PAT00632', 482, 6, 6, 3, 'Mild', 'Stable', 1),
(633, 'PAT00633', 483, 6, 4, 3, 'Moderate', 'Stable', 1),
(634, 'PAT00634', 370, 8, 1, 4, 'Severe', 'Improved', 1),
(635, 'PAT00635', 484, 8, 1, 2, 'Severe', 'Deteriorated', 1),
(636, 'PAT00636', 348, 4, 4, 1, 'Severe', 'Improved', 1),
(637, 'PAT00637', 248, 7, 5, 1, 'Moderate', 'Stable', 1),
(638, 'PAT00638', 83, 7, 2, 1, 'Mild', 'Improved', 1),
(639, 'PAT00639', 39, 1, 3, 4, 'Severe', 'Improved', 1),
(640, 'PAT00640', 485, 10, 3, 3, 'Moderate', 'Stable', 1),
(641, 'PAT00641', 486, 2, 6, 2, 'Mild', 'Improved', 1),
(642, 'PAT00642', 339, 8, 1, 5, 'Severe', 'Improved', 1),
(643, 'PAT00643', 89, 5, 4, 1, 'Mild', 'Stable', 1),
(644, 'PAT00644', 72, 2, 1, 5, 'Mild', 'Improved', 1),
(645, 'PAT00645', 487, 10, 1, 4, 'Severe', 'Improved', 1),
(646, 'PAT00646', 20, 5, 1, 3, 'Severe', 'Deteriorated', 1),
(647, 'PAT00647', 488, 7, 6, 5, 'Moderate', 'Improved', 1),
(648, 'PAT00648', 489, 7, 6, 5, 'Moderate', 'Stable', 1),
(649, 'PAT00649', 448, 6, 5, 1, 'Moderate', 'Stable', 1),
(650, 'PAT00650', 490, 8, 3, 2, 'Mild', 'Improved', 1),
(651, 'PAT00651', 491, 10, 3, 3, 'Severe', 'Improved', 1),
(652, 'PAT00652', 112, 9, 6, 4, 'Moderate', 'Improved', 1),
(653, 'PAT00653', 492, 3, 3, 2, 'Severe', 'Improved', 1),
(654, 'PAT00654', 493, 8, 2, 1, 'Moderate', 'Stable', 1),
(655, 'PAT00655', 494, 6, 3, 2, 'Mild', 'Improved', 1),
(656, 'PAT00656', 495, 1, 5, 3, 'Moderate', 'Stable', 1),
(657, 'PAT00657', 37, 5, 4, 5, 'Severe', 'Stable', 1),
(658, 'PAT00658', 315, 9, 4, 5, 'Mild', 'Deteriorated', 1),
(659, 'PAT00659', 496, 8, 6, 2, 'Severe', 'Improved', 1),
(660, 'PAT00660', 336, 10, 2, 2, 'Mild', 'Stable', 1),
(661, 'PAT00661', 307, 2, 1, 2, 'Mild', 'Improved', 1),
(662, 'PAT00662', 497, 7, 2, 5, 'Moderate', 'Deteriorated', 1),
(663, 'PAT00663', 312, 7, 5, 4, 'Mild', 'Improved', 1),
(664, 'PAT00664', 95, 8, 6, 5, 'Moderate', 'Deteriorated', 1),
(665, 'PAT00665', 498, 8, 5, 3, 'Moderate', 'Improved', 1),
(666, 'PAT00666', 499, 6, 4, 5, 'Moderate', 'Improved', 1),
(667, 'PAT00667', 358, 2, 6, 1, 'Moderate', 'Deteriorated', 1),
(668, 'PAT00668', 302, 8, 5, 2, 'Severe', 'Improved', 1),
(669, 'PAT00669', 500, 7, 3, 5, 'Mild', 'Improved', 1),
(670, 'PAT00670', 501, 2, 4, 5, 'Severe', 'Improved', 1),
(671, 'PAT00671', 502, 8, 3, 2, 'Moderate', 'Deteriorated', 1),
(672, 'PAT00672', 281, 2, 5, 3, 'Severe', 'Stable', 1),
(673, 'PAT00673', 503, 9, 2, 4, 'Mild', 'Stable', 1),
(674, 'PAT00674', 504, 10, 2, 1, 'Moderate', 'Stable', 1),
(675, 'PAT00675', 505, 2, 4, 4, 'Moderate', 'Improved', 1),
(676, 'PAT00676', 506, 6, 6, 4, 'Moderate', 'Improved', 1),
(677, 'PAT00677', 507, 2, 3, 3, 'Mild', 'Improved', 1),
(678, 'PAT00678', 508, 1, 3, 1, 'Mild', 'Improved', 1),
(679, 'PAT00679', 199, 10, 1, 3, 'Mild', 'Improved', 1),
(680, 'PAT00680', 509, 10, 5, 3, 'Moderate', 'Improved', 1),
(681, 'PAT00681', 510, 3, 4, 5, 'Mild', 'Improved', 1),
(682, 'PAT00682', 40, 10, 6, 1, 'Moderate', 'Improved', 1),
(683, 'PAT00683', 511, 5, 1, 1, 'Mild', 'Improved', 1),
(684, 'PAT00684', 338, 7, 6, 5, 'Severe', 'Improved', 1),
(685, 'PAT00685', 448, 9, 6, 2, 'Moderate', 'Stable', 1),
(686, 'PAT00686', 328, 3, 6, 2, 'Severe', 'Stable', 1),
(687, 'PAT00687', 478, 7, 3, 3, 'Mild', 'Stable', 1),
(688, 'PAT00688', 512, 4, 5, 3, 'Mild', 'Improved', 1),
(689, 'PAT00689', 377, 4, 6, 1, 'Moderate', 'Improved', 1),
(690, 'PAT00690', 513, 8, 4, 1, 'Moderate', 'Improved', 1),
(691, 'PAT00691', 514, 2, 6, 4, 'Mild', 'Stable', 1),
(692, 'PAT00692', 187, 9, 5, 2, 'Severe', 'Stable', 1),
(693, 'PAT00693', 318, 1, 4, 2, 'Moderate', 'Improved', 1),
(694, 'PAT00694', 515, 4, 2, 3, 'Moderate', 'Improved', 1),
(695, 'PAT00695', 516, 1, 2, 3, 'Mild', 'Improved', 1),
(696, 'PAT00696', 517, 2, 1, 5, 'Moderate', 'Improved', 1),
(697, 'PAT00697', 518, 3, 6, 5, 'Mild', 'Improved', 1),
(698, 'PAT00698', 355, 6, 1, 3, 'Mild', 'Improved', 1),
(699, 'PAT00699', 221, 2, 6, 5, 'Mild', 'Improved', 1),
(700, 'PAT00700', 488, 4, 1, 2, 'Moderate', 'Improved', 1),
(701, 'PAT00701', 519, 9, 5, 5, 'Mild', 'Stable', 1),
(702, 'PAT00702', 520, 7, 6, 4, 'Moderate', 'Improved', 1),
(703, 'PAT00703', 521, 8, 2, 3, 'Mild', 'Improved', 1),
(704, 'PAT00704', 522, 3, 6, 2, 'Moderate', 'Improved', 1),
(705, 'PAT00705', 523, 7, 4, 4, 'Moderate', 'Improved', 1),
(706, 'PAT00706', 78, 4, 5, 2, 'Mild', 'Improved', 1),
(707, 'PAT00707', 524, 7, 2, 1, 'Moderate', 'Improved', 1),
(708, 'PAT00708', 247, 4, 1, 1, 'Severe', 'Improved', 1),
(709, 'PAT00709', 525, 4, 6, 4, 'Severe', 'Stable', 1),
(710, 'PAT00710', 471, 5, 5, 4, 'Moderate', 'Improved', 1),
(711, 'PAT00711', 425, 2, 3, 3, 'Moderate', 'Stable', 1),
(712, 'PAT00712', 526, 8, 1, 2, 'Severe', 'Improved', 1),
(713, 'PAT00713', 527, 5, 5, 3, 'Moderate', 'Deteriorated', 1),
(714, 'PAT00714', 150, 5, 6, 3, 'Mild', 'Stable', 1),
(715, 'PAT00715', 76, 7, 1, 4, 'Mild', 'Improved', 1),
(716, 'PAT00716', 328, 7, 5, 1, 'Severe', 'Improved', 1),
(717, 'PAT00717', 439, 8, 6, 4, 'Mild', 'Improved', 1),
(718, 'PAT00718', 528, 9, 4, 4, 'Moderate', 'Improved', 1),
(719, 'PAT00719', 529, 6, 3, 4, 'Moderate', 'Improved', 1),
(720, 'PAT00720', 530, 3, 1, 4, 'Mild', 'Improved', 1),
(721, 'PAT00721', 531, 6, 2, 2, 'Severe', 'Stable', 1),
(722, 'PAT00722', 515, 9, 4, 5, 'Moderate', 'Improved', 1),
(723, 'PAT00723', 532, 10, 2, 4, 'Severe', 'Improved', 1),
(724, 'PAT00724', 533, 4, 5, 4, 'Severe', 'Stable', 1),
(725, 'PAT00725', 534, 3, 6, 1, 'Moderate', 'Stable', 1),
(726, 'PAT00726', 279, 5, 2, 4, 'Mild', 'Improved', 1),
(727, 'PAT00727', 535, 9, 1, 2, 'Severe', 'Deteriorated', 1),
(728, 'PAT00728', 536, 7, 5, 4, 'Moderate', 'Improved', 1),
(729, 'PAT00729', 537, 2, 1, 4, 'Severe', 'Deteriorated', 1),
(730, 'PAT00730', 538, 8, 4, 2, 'Severe', 'Improved', 1),
(731, 'PAT00731', 539, 10, 4, 2, 'Moderate', 'Improved', 1),
(732, 'PAT00732', 117, 1, 5, 1, 'Severe', 'Improved', 1),
(733, 'PAT00733', 342, 1, 6, 2, 'Severe', 'Stable', 1),
(734, 'PAT00734', 540, 7, 4, 5, 'Severe', 'Improved', 1),
(735, 'PAT00735', 252, 1, 2, 2, 'Severe', 'Improved', 1),
(736, 'PAT00736', 541, 6, 3, 3, 'Severe', 'Improved', 1),
(737, 'PAT00737', 404, 9, 4, 1, 'Mild', 'Deteriorated', 1),
(738, 'PAT00738', 284, 4, 3, 3, 'Mild', 'Stable', 1),
(739, 'PAT00739', 542, 9, 2, 1, 'Mild', 'Improved', 1),
(740, 'PAT00740', 543, 3, 2, 5, 'Severe', 'Improved', 1),
(741, 'PAT00741', 254, 8, 4, 4, 'Severe', 'Improved', 1),
(742, 'PAT00742', 544, 5, 3, 5, 'Moderate', 'Improved', 1),
(743, 'PAT00743', 77, 5, 5, 1, 'Severe', 'Stable', 1),
(744, 'PAT00744', 545, 8, 4, 1, 'Severe', 'Improved', 1),
(745, 'PAT00745', 105, 6, 6, 3, 'Mild', 'Improved', 1),
(746, 'PAT00746', 325, 2, 1, 5, 'Mild', 'Improved', 1),
(747, 'PAT00747', 173, 5, 5, 1, 'Severe', 'Improved', 1),
(748, 'PAT00748', 323, 6, 6, 2, 'Mild', 'Deteriorated', 1),
(749, 'PAT00749', 546, 9, 5, 4, 'Mild', 'Improved', 1),
(750, 'PAT00750', 24, 10, 3, 1, 'Mild', 'Stable', 1),
(751, 'PAT00751', 547, 4, 5, 1, 'Moderate', 'Stable', 1),
(752, 'PAT00752', 420, 3, 2, 2, 'Severe', 'Improved', 1),
(753, 'PAT00753', 548, 7, 4, 2, 'Moderate', 'Stable', 1),
(754, 'PAT00754', 549, 9, 2, 2, 'Moderate', 'Improved', 1),
(755, 'PAT00755', 550, 3, 5, 2, 'Moderate', 'Improved', 1),
(756, 'PAT00756', 551, 4, 1, 2, 'Mild', 'Improved', 1),
(757, 'PAT00757', 208, 6, 2, 5, 'Mild', 'Stable', 1),
(758, 'PAT00758', 552, 1, 4, 4, 'Mild', 'Improved', 1),
(759, 'PAT00759', 493, 8, 1, 3, 'Mild', 'Improved', 1),
(760, 'PAT00760', 406, 6, 1, 2, 'Mild', 'Improved', 1),
(761, 'PAT00761', 553, 1, 4, 5, 'Moderate', 'Stable', 1),
(762, 'PAT00762', 554, 6, 6, 4, 'Moderate', 'Stable', 1),
(763, 'PAT00763', 282, 1, 3, 2, 'Moderate', 'Improved', 1),
(764, 'PAT00764', 532, 2, 3, 3, 'Mild', 'Improved', 1),
(765, 'PAT00765', 555, 2, 3, 5, 'Mild', 'Improved', 1),
(766, 'PAT00766', 64, 9, 3, 2, 'Moderate', 'Deteriorated', 1),
(767, 'PAT00767', 556, 2, 3, 1, 'Severe', 'Improved', 1),
(768, 'PAT00768', 528, 9, 5, 4, 'Moderate', 'Improved', 1),
(769, 'PAT00769', 557, 7, 3, 5, 'Mild', 'Stable', 1),
(770, 'PAT00770', 413, 3, 3, 4, 'Severe', 'Stable', 1),
(771, 'PAT00771', 392, 8, 2, 5, 'Severe', 'Stable', 1),
(772, 'PAT00772', 510, 4, 2, 2, 'Moderate', 'Stable', 1),
(773, 'PAT00773', 434, 7, 3, 5, 'Mild', 'Improved', 1),
(774, 'PAT00774', 250, 9, 1, 3, 'Moderate', 'Improved', 1),
(775, 'PAT00775', 19, 3, 4, 1, 'Mild', 'Stable', 1),
(776, 'PAT00776', 552, 5, 6, 3, 'Mild', 'Stable', 1),
(777, 'PAT00777', 341, 5, 5, 4, 'Mild', 'Improved', 1),
(778, 'PAT00778', 558, 2, 6, 2, 'Severe', 'Improved', 1),
(779, 'PAT00779', 224, 1, 2, 4, 'Severe', 'Stable', 1),
(780, 'PAT00780', 95, 10, 3, 5, 'Moderate', 'Improved', 1),
(781, 'PAT00781', 559, 10, 2, 4, 'Moderate', 'Improved', 1),
(782, 'PAT00782', 560, 5, 3, 4, 'Mild', 'Deteriorated', 1),
(783, 'PAT00783', 561, 10, 3, 3, 'Mild', 'Stable', 1),
(784, 'PAT00784', 224, 5, 3, 3, 'Severe', 'Improved', 1),
(785, 'PAT00785', 562, 4, 5, 4, 'Moderate', 'Deteriorated', 1),
(786, 'PAT00786', 563, 2, 6, 3, 'Moderate', 'Stable', 1),
(787, 'PAT00787', 458, 2, 6, 5, 'Severe', 'Improved', 1),
(788, 'PAT00788', 564, 3, 2, 3, 'Severe', 'Improved', 1),
(789, 'PAT00789', 565, 2, 5, 1, 'Moderate', 'Stable', 1),
(790, 'PAT00790', 566, 4, 1, 1, 'Mild', 'Improved', 1),
(791, 'PAT00791', 365, 5, 5, 4, 'Mild', 'Deteriorated', 1),
(792, 'PAT00792', 76, 2, 3, 4, 'Mild', 'Deteriorated', 1),
(793, 'PAT00793', 567, 8, 2, 2, 'Moderate', 'Improved', 1),
(794, 'PAT00794', 251, 6, 2, 1, 'Moderate', 'Improved', 1),
(795, 'PAT00795', 568, 5, 2, 5, 'Severe', 'Stable', 1),
(796, 'PAT00796', 277, 2, 3, 1, 'Severe', 'Improved', 1),
(797, 'PAT00797', 137, 5, 3, 5, 'Mild', 'Improved', 1),
(798, 'PAT00798', 569, 8, 4, 2, 'Moderate', 'Improved', 1),
(799, 'PAT00799', 263, 10, 5, 3, 'Mild', 'Improved', 1),
(800, 'PAT00800', 322, 7, 6, 1, 'Severe', 'Improved', 1),
(801, 'PAT00801', 102, 6, 6, 4, 'Mild', 'Improved', 1),
(802, 'PAT00802', 518, 9, 4, 4, 'Mild', 'Improved', 1),
(803, 'PAT00803', 570, 6, 2, 2, 'Mild', 'Deteriorated', 1),
(804, 'PAT00804', 571, 5, 2, 5, 'Mild', 'Improved', 1),
(805, 'PAT00805', 572, 10, 4, 3, 'Mild', 'Stable', 1),
(806, 'PAT00806', 573, 2, 6, 4, 'Moderate', 'Improved', 1),
(807, 'PAT00807', 214, 4, 2, 2, 'Moderate', 'Deteriorated', 1),
(808, 'PAT00808', 574, 7, 2, 5, 'Severe', 'Improved', 1),
(809, 'PAT00809', 575, 10, 3, 1, 'Severe', 'Improved', 1),
(810, 'PAT00810', 576, 2, 2, 2, 'Moderate', 'Improved', 1),
(811, 'PAT00811', 397, 10, 1, 1, 'Moderate', 'Stable', 1),
(812, 'PAT00812', 577, 6, 6, 1, 'Mild', 'Improved', 1),
(813, 'PAT00813', 578, 1, 3, 1, 'Moderate', 'Improved', 1),
(814, 'PAT00814', 511, 3, 4, 3, 'Moderate', 'Stable', 1),
(815, 'PAT00815', 451, 4, 4, 1, 'Moderate', 'Deteriorated', 1),
(816, 'PAT00816', 443, 2, 4, 3, 'Moderate', 'Improved', 1),
(817, 'PAT00817', 579, 5, 2, 4, 'Moderate', 'Stable', 1),
(818, 'PAT00818', 55, 6, 4, 3, 'Mild', 'Improved', 1),
(819, 'PAT00819', 96, 8, 2, 2, 'Mild', 'Improved', 1),
(820, 'PAT00820', 458, 7, 1, 4, 'Mild', 'Improved', 1),
(821, 'PAT00821', 580, 2, 4, 2, 'Moderate', 'Deteriorated', 1),
(822, 'PAT00822', 156, 9, 5, 3, 'Severe', 'Improved', 1),
(823, 'PAT00823', 492, 7, 3, 5, 'Moderate', 'Stable', 1),
(824, 'PAT00824', 581, 7, 6, 2, 'Moderate', 'Improved', 1),
(825, 'PAT00825', 563, 3, 1, 2, 'Mild', 'Stable', 1),
(826, 'PAT00826', 582, 8, 2, 4, 'Mild', 'Improved', 1),
(827, 'PAT00827', 583, 9, 2, 2, 'Mild', 'Improved', 1),
(828, 'PAT00828', 584, 1, 5, 1, 'Moderate', 'Stable', 1),
(829, 'PAT00829', 365, 1, 3, 2, 'Moderate', 'Stable', 1),
(830, 'PAT00830', 585, 3, 6, 1, 'Moderate', 'Improved', 1),
(831, 'PAT00831', 586, 2, 6, 1, 'Moderate', 'Stable', 1),
(832, 'PAT00832', 251, 5, 1, 3, 'Moderate', 'Improved', 1),
(833, 'PAT00833', 587, 3, 6, 3, 'Mild', 'Improved', 1),
(834, 'PAT00834', 535, 9, 3, 5, 'Moderate', 'Improved', 1),
(835, 'PAT00835', 404, 8, 5, 2, 'Severe', 'Improved', 1),
(836, 'PAT00836', 588, 2, 2, 1, 'Moderate', 'Improved', 1),
(837, 'PAT00837', 34, 1, 3, 2, 'Mild', 'Improved', 1),
(838, 'PAT00838', 130, 6, 4, 2, 'Mild', 'Improved', 1),
(839, 'PAT00839', 240, 1, 2, 5, 'Mild', 'Stable', 1),
(840, 'PAT00840', 169, 9, 3, 3, 'Moderate', 'Deteriorated', 1),
(841, 'PAT00841', 589, 4, 5, 5, 'Moderate', 'Improved', 1),
(842, 'PAT00842', 590, 10, 5, 4, 'Moderate', 'Deteriorated', 1),
(843, 'PAT00843', 591, 4, 2, 3, 'Mild', 'Improved', 1),
(844, 'PAT00844', 592, 4, 1, 5, 'Severe', 'Improved', 1),
(845, 'PAT00845', 33, 7, 2, 1, 'Moderate', 'Stable', 1),
(846, 'PAT00846', 593, 6, 3, 1, 'Severe', 'Improved', 1),
(847, 'PAT00847', 594, 7, 2, 5, 'Mild', 'Improved', 1),
(848, 'PAT00848', 595, 7, 5, 1, 'Mild', 'Deteriorated', 1),
(849, 'PAT00849', 596, 8, 5, 2, 'Moderate', 'Improved', 1),
(850, 'PAT00850', 597, 3, 3, 3, 'Moderate', 'Improved', 1),
(851, 'PAT00851', 128, 6, 4, 4, 'Mild', 'Stable', 1),
(852, 'PAT00852', 598, 9, 2, 4, 'Moderate', 'Deteriorated', 1),
(853, 'PAT00853', 563, 10, 6, 3, 'Severe', 'Improved', 1),
(854, 'PAT00854', 37, 6, 3, 3, 'Moderate', 'Stable', 1),
(855, 'PAT00855', 415, 8, 1, 1, 'Mild', 'Improved', 1),
(856, 'PAT00856', 592, 7, 2, 3, 'Moderate', 'Improved', 1),
(857, 'PAT00857', 278, 2, 4, 1, 'Severe', 'Improved', 1),
(858, 'PAT00858', 27, 1, 6, 4, 'Severe', 'Improved', 1),
(859, 'PAT00859', 102, 9, 3, 5, 'Mild', 'Improved', 1),
(860, 'PAT00860', 19, 2, 5, 1, 'Mild', 'Improved', 1),
(861, 'PAT00861', 599, 8, 5, 5, 'Mild', 'Stable', 1),
(862, 'PAT00862', 600, 7, 4, 1, 'Moderate', 'Improved', 1),
(863, 'PAT00863', 601, 2, 6, 4, 'Mild', 'Improved', 1),
(864, 'PAT00864', 418, 7, 1, 3, 'Severe', 'Improved', 1),
(865, 'PAT00865', 602, 2, 4, 2, 'Mild', 'Improved', 1),
(866, 'PAT00866', 603, 1, 4, 2, 'Severe', 'Deteriorated', 1),
(867, 'PAT00867', 604, 4, 3, 4, 'Mild', 'Improved', 1),
(868, 'PAT00868', 605, 3, 5, 5, 'Mild', 'Improved', 1),
(869, 'PAT00869', 247, 7, 4, 2, 'Severe', 'Stable', 1),
(870, 'PAT00870', 606, 1, 1, 3, 'Moderate', 'Stable', 1),
(871, 'PAT00871', 390, 4, 3, 5, 'Mild', 'Improved', 1),
(872, 'PAT00872', 151, 3, 2, 4, 'Moderate', 'Improved', 1),
(873, 'PAT00873', 607, 10, 4, 5, 'Severe', 'Improved', 1),
(874, 'PAT00874', 554, 2, 6, 4, 'Moderate', 'Stable', 1),
(875, 'PAT00875', 608, 9, 2, 2, 'Moderate', 'Stable', 1),
(876, 'PAT00876', 407, 1, 6, 4, 'Severe', 'Improved', 1),
(877, 'PAT00877', 446, 2, 4, 2, 'Mild', 'Improved', 1),
(878, 'PAT00878', 225, 4, 6, 2, 'Moderate', 'Stable', 1),
(879, 'PAT00879', 263, 6, 4, 2, 'Moderate', 'Improved', 1),
(880, 'PAT00880', 609, 7, 6, 2, 'Severe', 'Stable', 1),
(881, 'PAT00881', 182, 4, 4, 5, 'Mild', 'Improved', 1),
(882, 'PAT00882', 351, 4, 4, 5, 'Severe', 'Improved', 1),
(883, 'PAT00883', 610, 1, 6, 2, 'Mild', 'Improved', 1),
(884, 'PAT00884', 41, 7, 3, 3, 'Severe', 'Deteriorated', 1),
(885, 'PAT00885', 611, 10, 4, 4, 'Mild', 'Improved', 1),
(886, 'PAT00886', 596, 9, 5, 3, 'Mild', 'Deteriorated', 1),
(887, 'PAT00887', 159, 1, 2, 1, 'Moderate', 'Improved', 1),
(888, 'PAT00888', 612, 9, 2, 2, 'Moderate', 'Improved', 1),
(889, 'PAT00889', 448, 6, 1, 5, 'Moderate', 'Stable', 1),
(890, 'PAT00890', 601, 6, 2, 1, 'Moderate', 'Improved', 1),
(891, 'PAT00891', 613, 2, 3, 2, 'Mild', 'Improved', 1),
(892, 'PAT00892', 437, 5, 3, 4, 'Mild', 'Stable', 1),
(893, 'PAT00893', 111, 10, 1, 2, 'Moderate', 'Improved', 1);
INSERT INTO `fact_mental_health_visit` (`Visit_ID`, `Patient_ID`, `Time_ID`, `District_ID`, `Condition_ID`, `Treatment_ID`, `Severity_Level`, `Outcome`, `Visit_Count`) VALUES
(894, 'PAT00894', 396, 4, 4, 1, 'Moderate', 'Improved', 1),
(895, 'PAT00895', 265, 2, 2, 2, 'Severe', 'Improved', 1),
(896, 'PAT00896', 614, 4, 4, 5, 'Mild', 'Stable', 1),
(897, 'PAT00897', 500, 10, 1, 1, 'Mild', 'Stable', 1),
(898, 'PAT00898', 197, 3, 1, 5, 'Severe', 'Stable', 1),
(899, 'PAT00899', 366, 8, 5, 2, 'Severe', 'Improved', 1),
(900, 'PAT00900', 62, 3, 1, 5, 'Mild', 'Improved', 1),
(901, 'PAT00901', 194, 1, 2, 1, 'Mild', 'Deteriorated', 1),
(902, 'PAT00902', 615, 6, 5, 1, 'Moderate', 'Improved', 1),
(903, 'PAT00903', 556, 9, 4, 4, 'Severe', 'Improved', 1),
(904, 'PAT00904', 110, 7, 2, 2, 'Mild', 'Improved', 1),
(905, 'PAT00905', 480, 2, 3, 5, 'Mild', 'Improved', 1),
(906, 'PAT00906', 616, 9, 2, 3, 'Mild', 'Deteriorated', 1),
(907, 'PAT00907', 617, 2, 5, 5, 'Moderate', 'Improved', 1),
(908, 'PAT00908', 538, 3, 6, 3, 'Mild', 'Improved', 1),
(909, 'PAT00909', 618, 4, 6, 1, 'Mild', 'Improved', 1),
(910, 'PAT00910', 531, 2, 1, 3, 'Mild', 'Improved', 1),
(911, 'PAT00911', 619, 8, 2, 3, 'Severe', 'Improved', 1),
(912, 'PAT00912', 548, 7, 6, 4, 'Moderate', 'Improved', 1),
(913, 'PAT00913', 620, 1, 4, 3, 'Severe', 'Improved', 1),
(914, 'PAT00914', 621, 3, 3, 3, 'Severe', 'Improved', 1),
(915, 'PAT00915', 297, 2, 4, 3, 'Moderate', 'Deteriorated', 1),
(916, 'PAT00916', 622, 7, 6, 5, 'Mild', 'Deteriorated', 1),
(917, 'PAT00917', 418, 6, 6, 1, 'Moderate', 'Improved', 1),
(918, 'PAT00918', 542, 10, 2, 1, 'Moderate', 'Improved', 1),
(919, 'PAT00919', 278, 9, 4, 4, 'Severe', 'Improved', 1),
(920, 'PAT00920', 555, 3, 3, 4, 'Moderate', 'Improved', 1),
(921, 'PAT00921', 389, 7, 6, 4, 'Mild', 'Improved', 1),
(922, 'PAT00922', 623, 7, 4, 1, 'Moderate', 'Improved', 1),
(923, 'PAT00923', 370, 2, 2, 5, 'Moderate', 'Improved', 1),
(924, 'PAT00924', 19, 2, 4, 5, 'Mild', 'Deteriorated', 1),
(925, 'PAT00925', 567, 5, 5, 1, 'Mild', 'Stable', 1),
(926, 'PAT00926', 49, 10, 6, 5, 'Severe', 'Improved', 1),
(927, 'PAT00927', 553, 8, 3, 4, 'Severe', 'Deteriorated', 1),
(928, 'PAT00928', 624, 10, 6, 3, 'Moderate', 'Improved', 1),
(929, 'PAT00929', 505, 1, 5, 4, 'Severe', 'Stable', 1),
(930, 'PAT00930', 625, 5, 6, 2, 'Moderate', 'Improved', 1),
(931, 'PAT00931', 600, 9, 5, 3, 'Mild', 'Improved', 1),
(932, 'PAT00932', 90, 6, 6, 1, 'Severe', 'Deteriorated', 1),
(933, 'PAT00933', 202, 4, 1, 3, 'Mild', 'Improved', 1),
(934, 'PAT00934', 370, 6, 1, 2, 'Mild', 'Stable', 1),
(935, 'PAT00935', 419, 8, 4, 1, 'Mild', 'Stable', 1),
(936, 'PAT00936', 626, 6, 5, 3, 'Severe', 'Improved', 1),
(937, 'PAT00937', 627, 2, 5, 2, 'Mild', 'Improved', 1),
(938, 'PAT00938', 628, 1, 2, 1, 'Mild', 'Improved', 1),
(939, 'PAT00939', 629, 7, 1, 1, 'Mild', 'Improved', 1),
(940, 'PAT00940', 630, 10, 3, 4, 'Moderate', 'Improved', 1),
(941, 'PAT00941', 222, 5, 3, 2, 'Moderate', 'Stable', 1),
(942, 'PAT00942', 425, 5, 4, 3, 'Moderate', 'Improved', 1),
(943, 'PAT00943', 105, 4, 4, 5, 'Moderate', 'Improved', 1),
(944, 'PAT00944', 603, 9, 2, 5, 'Mild', 'Improved', 1),
(945, 'PAT00945', 378, 6, 4, 1, 'Mild', 'Improved', 1),
(946, 'PAT00946', 221, 7, 3, 1, 'Severe', 'Improved', 1),
(947, 'PAT00947', 184, 9, 4, 1, 'Severe', 'Stable', 1),
(948, 'PAT00948', 272, 5, 5, 1, 'Severe', 'Stable', 1),
(949, 'PAT00949', 250, 10, 2, 4, 'Severe', 'Stable', 1),
(950, 'PAT00950', 431, 2, 6, 5, 'Mild', 'Improved', 1),
(951, 'PAT00951', 373, 10, 1, 2, 'Severe', 'Improved', 1),
(952, 'PAT00952', 631, 5, 2, 3, 'Mild', 'Improved', 1),
(953, 'PAT00953', 632, 1, 4, 3, 'Moderate', 'Improved', 1),
(954, 'PAT00954', 521, 2, 2, 1, 'Severe', 'Improved', 1),
(955, 'PAT00955', 633, 3, 6, 4, 'Mild', 'Improved', 1),
(956, 'PAT00956', 79, 1, 2, 3, 'Severe', 'Stable', 1),
(957, 'PAT00957', 104, 7, 2, 5, 'Moderate', 'Stable', 1),
(958, 'PAT00958', 634, 1, 1, 1, 'Mild', 'Improved', 1),
(959, 'PAT00959', 226, 7, 6, 3, 'Mild', 'Improved', 1),
(960, 'PAT00960', 635, 5, 4, 5, 'Moderate', 'Improved', 1),
(961, 'PAT00961', 636, 6, 1, 3, 'Mild', 'Stable', 1),
(962, 'PAT00962', 122, 10, 4, 3, 'Mild', 'Improved', 1),
(963, 'PAT00963', 281, 7, 5, 3, 'Mild', 'Improved', 1),
(964, 'PAT00964', 576, 2, 6, 1, 'Severe', 'Stable', 1),
(965, 'PAT00965', 396, 8, 1, 2, 'Mild', 'Improved', 1),
(966, 'PAT00966', 115, 6, 1, 2, 'Severe', 'Improved', 1),
(967, 'PAT00967', 637, 7, 6, 1, 'Mild', 'Stable', 1),
(968, 'PAT00968', 157, 4, 4, 1, 'Moderate', 'Improved', 1),
(969, 'PAT00969', 2, 2, 2, 2, 'Mild', 'Improved', 1),
(970, 'PAT00970', 130, 2, 5, 5, 'Moderate', 'Stable', 1),
(971, 'PAT00971', 638, 7, 6, 4, 'Moderate', 'Stable', 1),
(972, 'PAT00972', 639, 2, 1, 1, 'Mild', 'Stable', 1),
(973, 'PAT00973', 43, 3, 4, 1, 'Moderate', 'Improved', 1),
(974, 'PAT00974', 640, 6, 6, 4, 'Severe', 'Improved', 1),
(975, 'PAT00975', 641, 8, 2, 2, 'Mild', 'Improved', 1),
(976, 'PAT00976', 642, 3, 6, 3, 'Moderate', 'Deteriorated', 1),
(977, 'PAT00977', 516, 6, 6, 5, 'Severe', 'Improved', 1),
(978, 'PAT00978', 105, 2, 2, 1, 'Mild', 'Improved', 1),
(979, 'PAT00979', 380, 5, 5, 4, 'Severe', 'Stable', 1),
(980, 'PAT00980', 255, 7, 2, 3, 'Moderate', 'Deteriorated', 1),
(981, 'PAT00981', 137, 4, 6, 5, 'Mild', 'Stable', 1),
(982, 'PAT00982', 643, 3, 4, 5, 'Moderate', 'Stable', 1),
(983, 'PAT00983', 644, 9, 4, 2, 'Mild', 'Stable', 1),
(984, 'PAT00984', 645, 5, 1, 5, 'Moderate', 'Improved', 1),
(985, 'PAT00985', 420, 7, 2, 3, 'Severe', 'Improved', 1),
(986, 'PAT00986', 75, 9, 5, 5, 'Severe', 'Improved', 1),
(987, 'PAT00987', 412, 9, 2, 1, 'Severe', 'Improved', 1),
(988, 'PAT00988', 505, 9, 1, 2, 'Severe', 'Improved', 1),
(989, 'PAT00989', 422, 9, 6, 3, 'Severe', 'Deteriorated', 1),
(990, 'PAT00990', 646, 2, 3, 1, 'Moderate', 'Improved', 1),
(991, 'PAT00991', 647, 9, 3, 1, 'Mild', 'Improved', 1),
(992, 'PAT00992', 266, 2, 6, 4, 'Mild', 'Improved', 1),
(993, 'PAT00993', 648, 1, 2, 3, 'Mild', 'Improved', 1),
(994, 'PAT00994', 594, 10, 4, 5, 'Mild', 'Improved', 1),
(995, 'PAT00995', 649, 7, 1, 3, 'Severe', 'Improved', 1),
(996, 'PAT00996', 650, 7, 5, 3, 'Moderate', 'Improved', 1),
(997, 'PAT00997', 505, 3, 3, 5, 'Mild', 'Improved', 1),
(998, 'PAT00998', 170, 9, 3, 4, 'Mild', 'Improved', 1),
(999, 'PAT00999', 651, 5, 5, 1, 'Mild', 'Deteriorated', 1),
(1000, 'PAT01000', 520, 2, 5, 3, 'Severe', 'Improved', 1);

--
-- Indexes for dumped tables
--

--
-- Indexes for table `dim_condition`
--
ALTER TABLE `dim_condition`
  ADD PRIMARY KEY (`Condition_ID`),
  ADD UNIQUE KEY `Condition_Name` (`Condition_Name`);

--
-- Indexes for table `dim_district`
--
ALTER TABLE `dim_district`
  ADD PRIMARY KEY (`District_ID`),
  ADD UNIQUE KEY `District_Name` (`District_Name`);

--
-- Indexes for table `dim_patient`
--
ALTER TABLE `dim_patient`
  ADD PRIMARY KEY (`Patient_ID`);

--
-- Indexes for table `dim_time`
--
ALTER TABLE `dim_time`
  ADD PRIMARY KEY (`Time_ID`),
  ADD UNIQUE KEY `Visit_Date` (`Visit_Date`);

--
-- Indexes for table `dim_treatment`
--
ALTER TABLE `dim_treatment`
  ADD PRIMARY KEY (`Treatment_ID`),
  ADD UNIQUE KEY `Treatment_Type` (`Treatment_Type`);

--
-- Indexes for table `fact_mental_health_visit`
--
ALTER TABLE `fact_mental_health_visit`
  ADD PRIMARY KEY (`Visit_ID`),
  ADD KEY `Patient_ID` (`Patient_ID`),
  ADD KEY `Time_ID` (`Time_ID`),
  ADD KEY `District_ID` (`District_ID`),
  ADD KEY `Condition_ID` (`Condition_ID`),
  ADD KEY `Treatment_ID` (`Treatment_ID`);

--
-- AUTO_INCREMENT for dumped tables
--

--
-- AUTO_INCREMENT for table `dim_condition`
--
ALTER TABLE `dim_condition`
  MODIFY `Condition_ID` int(11) NOT NULL AUTO_INCREMENT, AUTO_INCREMENT=7;

--
-- AUTO_INCREMENT for table `dim_district`
--
ALTER TABLE `dim_district`
  MODIFY `District_ID` int(11) NOT NULL AUTO_INCREMENT, AUTO_INCREMENT=11;

--
-- AUTO_INCREMENT for table `dim_time`
--
ALTER TABLE `dim_time`
  MODIFY `Time_ID` int(11) NOT NULL AUTO_INCREMENT, AUTO_INCREMENT=652;

--
-- AUTO_INCREMENT for table `dim_treatment`
--
ALTER TABLE `dim_treatment`
  MODIFY `Treatment_ID` int(11) NOT NULL AUTO_INCREMENT, AUTO_INCREMENT=6;

--
-- AUTO_INCREMENT for table `fact_mental_health_visit`
--
ALTER TABLE `fact_mental_health_visit`
  MODIFY `Visit_ID` int(11) NOT NULL AUTO_INCREMENT, AUTO_INCREMENT=1001;

--
-- Constraints for dumped tables
--

--
-- Constraints for table `fact_mental_health_visit`
--
ALTER TABLE `fact_mental_health_visit`
  ADD CONSTRAINT `fact_mental_health_visit_ibfk_1` FOREIGN KEY (`Patient_ID`) REFERENCES `dim_patient` (`Patient_ID`),
  ADD CONSTRAINT `fact_mental_health_visit_ibfk_2` FOREIGN KEY (`Time_ID`) REFERENCES `dim_time` (`Time_ID`),
  ADD CONSTRAINT `fact_mental_health_visit_ibfk_3` FOREIGN KEY (`District_ID`) REFERENCES `dim_district` (`District_ID`),
  ADD CONSTRAINT `fact_mental_health_visit_ibfk_4` FOREIGN KEY (`Condition_ID`) REFERENCES `dim_condition` (`Condition_ID`),
  ADD CONSTRAINT `fact_mental_health_visit_ibfk_5` FOREIGN KEY (`Treatment_ID`) REFERENCES `dim_treatment` (`Treatment_ID`);
COMMIT;

/*!40101 SET CHARACTER_SET_CLIENT=@OLD_CHARACTER_SET_CLIENT */;
/*!40101 SET CHARACTER_SET_RESULTS=@OLD_CHARACTER_SET_RESULTS */;
/*!40101 SET COLLATION_CONNECTION=@OLD_COLLATION_CONNECTION */;
